"ROW_ID","BILL_TO_NAME","BILL_TO_ACCOUNT","SITE_NUMBER","BUSINESS_UNIT","TXN_SOURCE","TXN_TYPE","RATE_IS_CORPORATE","REC_ACTIVITY_NAME_BANK","SUBINVENTORY","INTEGRATION_SOURCE","DISTRIBUTION_ACC_ID","REC_ACTIVITY_NAME_CASH","REGION","CUSTOMER_TYPE","COST_CENTER_CODE"
2645,Nakhla IT Systems (LLC) Tamara,69011,"51003",AlQurashi-KSA,Vend,Vend Invoice,"1",Bank Charge,HAYAT,Vend HQ,,Cash Rounding,SA,TAMARA,"0104"
1629,Tabby Saudi For communication and IT,50011,"51114",AlQurashi-KSA,Vend,Vend Invoice,"1",Bank Charge,ZAHRAN,Vend HQ,,Cash Rounding,SA,TABBY,"0601"
2629,Nakhla IT Systems (LLC) Tamara,69011,"51066",AlQurashi-KSA,Vend,Vend Invoice,"1",Bank Charge,ZAHRAN,Vend HQ,,Cash Rounding,SA,TAMARA,"0601"
1621,Tabby Saudi For communication and IT,50011,"51101",AlQurashi-KSA,Vend,Vend Invoice,"1",Bank Charge,HAMRAA,Vend HQ,,Cash Rounding,SA,TABBY,"0108"
2621,Nakhla IT Systems (LLC) Tamara,69011,"51051",AlQurashi-KSA,Vend,Vend Invoice,"1",Bank Charge,HAMRAA,Vend HQ,,Cash Rounding,SA,TAMARA,"0108"
1630,Tabby Saudi For communication and IT,50011,"51109",AlQurashi-KSA,Vend,Vend Invoice,"1",Bank Charge,EHSAA,Vend HQ,,Cash Rounding,SA,TABBY,"0801"
2630,Nakhla IT Systems (LLC) Tamara,69011,"51079",AlQurashi-KSA,Vend,Vend Invoice,"1",Bank Charge,EHSAA,Vend HQ,,Cash Rounding,SA,TAMARA,"0801"
1628,Tabby Saudi For communication and IT,50011,"51125",AlQurashi-KSA,Vend,Vend Invoice,"1",Bank Charge,JUBAIL,Vend HQ,,Cash Rounding,SA,TABBY,"0901"
2628,Nakhla IT Systems (LLC) Tamara,69011,"51060",AlQurashi-KSA,Vend,Vend Invoice,"1",Bank Charge,JUBAIL,Vend HQ,,Cash Rounding,SA,TAMARA,"0901"
1624,Tabby Saudi For communication and IT,50011,"51099",AlQurashi-KSA,Vend,Vend Invoice,"1",Bank Charge,MANAR,Vend HQ,,Cash Rounding,SA,TABBY,"0301"
2624,Nakhla IT Systems (LLC) Tamara,69011,"51057",AlQurashi-KSA,Vend,Vend Invoice,"1",Bank Charge,MANAR,Vend HQ,,Cash Rounding,SA,TAMARA,"0301"
1618,Tabby Saudi For communication and IT,50011,"51092",AlQurashi-KSA,Vend,Vend Invoice,"1",Bank Charge,NAKHELMALL,Vend HQ,,Cash Rounding,SA,TABBY,"0105"
2618,Nakhla IT Systems (LLC) Tamara,69011,"51045",AlQurashi-KSA,Vend,Vend Invoice,"1",Bank Charge,NAKHELMALL,Vend HQ,,Cash Rounding,SA,TAMARA,"0105"
2631,Nakhla IT Systems (LLC) Tamara,69011,"51082",AlQurashi-KSA,Vend,Vend Invoice,"1",Bank Charge,NAKJPLAZA,Vend HQ,,Cash Rounding,SA,TAMARA,"1101"
1622,Tabby Saudi For communication and IT,50011,"51121",AlQurashi-KSA,Vend,Vend Invoice,"1",Bank Charge,SALAMRYD,Vend HQ,,Cash Rounding,SA,TABBY,"0109"
2622,Nakhla IT Systems (LLC) Tamara,69011,"51070",AlQurashi-KSA,Vend,Vend Invoice,"1",Bank Charge,SALAMRYD,Vend HQ,,Cash Rounding,SA,TAMARA,"0109"
1668,Tabby Saudi For communication and IT,50011,"51111",AlQurashi-KSA,Vend,Vend Invoice,"1",Bank Charge,ALULA,Vend HQ,,Cash Rounding,SA,TABBY,"1502"
2668,Nakhla IT Systems (LLC) Tamara,69011,"51074",AlQurashi-KSA,Vend,Vend Invoice,"1",Bank Charge,ALULA,Vend HQ,,Cash Rounding,SA,TAMARA,"1502"
2653,Nakhla IT Systems (LLC) Tamara,69011,"51063",AlQurashi-KSA,Vend,Vend Invoice,"1",Bank Charge,AMWAJ,Vend HQ,,Cash Rounding,SA,TAMARA,"0401"
2648,Nakhla IT Systems (LLC) Tamara,69011,"51083",AlQurashi-KSA,Vend,Vend Invoice,"1",Bank Charge,ANDLUS,Vend HQ,,Cash Rounding,SA,TAMARA,"0203"
1665,Tabby Saudi For communication and IT,50011,"51113",AlQurashi-KSA,Vend,Vend Invoice,"1",Bank Charge,ARABMALL,Vend HQ,,Cash Rounding,SA,TABBY,"0210"
2665,Nakhla IT Systems (LLC) Tamara,69011,"51058",AlQurashi-KSA,Vend,Vend Invoice,"1",Bank Charge,ARABMALL,Vend HQ,,Cash Rounding,SA,TAMARA,"0210"
1635,Tabby Saudi For communication and IT,50011,"51086",AlQurashi-KSA,Vend,Vend Invoice,"1",Bank Charge,ASEER,Vend HQ,,Cash Rounding,SA,TABBY,"0501"
2635,Nakhla IT Systems (LLC) Tamara,69011,"51055",AlQurashi-KSA,Vend,Vend Invoice,"1",Bank Charge,ASEER,Vend HQ,,Cash Rounding,SA,TAMARA,"0501"
1654,Tabby Saudi For communication and IT,50011,"51122",AlQurashi-KSA,Vend,Vend Invoice,"1",Bank Charge,AZIZMALL,Vend HQ,,Cash Rounding,SA,TABBY,"0206"
2654,Nakhla IT Systems (LLC) Tamara,69011,"51084",AlQurashi-KSA,Vend,Vend Invoice,"1",Bank Charge,AZIZMALL,Vend HQ,,Cash Rounding,SA,TAMARA,"0206"
1662,Tabby Saudi For communication and IT,50011,"51087",AlQurashi-KSA,Vend,Vend Invoice,"1",Bank Charge,DANA,Vend HQ,,Cash Rounding,SA,TABBY,"1701"
2662,Nakhla IT Systems (LLC) Tamara,69011,"51075",AlQurashi-KSA,Vend,Vend Invoice,"1",Bank Charge,DANA,Vend HQ,,Cash Rounding,SA,TAMARA,"1701"
1626,Tabby Saudi For communication and IT,50011,"51088",AlQurashi-KSA,Vend,Vend Invoice,"1",Bank Charge,DAREEN,Vend HQ,,Cash Rounding,SA,TABBY,"0701"
2626,Nakhla IT Systems (LLC) Tamara,69011,"51048",AlQurashi-KSA,Vend,Vend Invoice,"1",Bank Charge,DAREEN,Vend HQ,,Cash Rounding,SA,TAMARA,"0701"
1650,Tabby Saudi For communication and IT,50011,"51127",AlQurashi-KSA,Vend,Vend Invoice,"1",Bank Charge,FLAMINGO,Vend HQ,,Cash Rounding,SA,TABBY,"0205"
2650,Nakhla IT Systems (LLC) Tamara,69011,"51062",AlQurashi-KSA,Vend,Vend Invoice,"1",Bank Charge,FLAMINGO,Vend HQ,,Cash Rounding,SA,TAMARA,"0205"
1694,Tabby Saudi For communication and IT,50011,"51117",AlQurashi-KSA,Vend,Vend Invoice,"1",Bank Charge,GRANADA,Vend HQ,,Cash Rounding,SA,TABBY,"0110"
2694,Nakhla IT Systems (LLC) Tamara,69011,"51052",AlQurashi-KSA,Vend,Vend Invoice,"1",Bank Charge,GRANADA,Vend HQ,,Cash Rounding,SA,TAMARA,"0110"
1655,Tabby Saudi For communication and IT,50011,"51096",AlQurashi-KSA,Vend,Vend Invoice,"1",Bank Charge,HAIFAA,Vend HQ,,Cash Rounding,SA,TABBY,"0209"
2655,Nakhla IT Systems (LLC) Tamara,69011,"51072",AlQurashi-KSA,Vend,Vend Invoice,"1",Bank Charge,HAIFAA,Vend HQ,,Cash Rounding,SA,TAMARA,"0209"
1632,Tabby Saudi For communication and IT,50011,"51098",AlQurashi-KSA,Vend,Vend Invoice,"1",Bank Charge,KADI,Vend HQ,,Cash Rounding,SA,TABBY,"1301"
2632,Nakhla IT Systems (LLC) Tamara,69011,"51078",AlQurashi-KSA,Vend,Vend Invoice,"1",Bank Charge,KADI,Vend HQ,,Cash Rounding,SA,TAMARA,"1301"
1625,Tabby Saudi For communication and IT,50011,"51093",AlQurashi-KSA,Vend,Vend Invoice,"1",Bank Charge,JURIMALL,Vend HQ,,Cash Rounding,SA,TABBY,"1001"
2625,Nakhla IT Systems (LLC) Tamara,69011,"51047",AlQurashi-KSA,Vend,Vend Invoice,"1",Bank Charge,JURIMALL,Vend HQ,,Cash Rounding,SA,TAMARA,"1001"
1620,Tabby Saudi For communication and IT,50011,"51106",AlQurashi-KSA,Vend,Vend Invoice,"1",Bank Charge,KHERAIS,Vend HQ,,Cash Rounding,SA,TABBY,"0107"
2620,Nakhla IT Systems (LLC) Tamara,69011,"51049",AlQurashi-KSA,Vend,Vend Invoice,"1",Bank Charge,KHERAIS,Vend HQ,,Cash Rounding,SA,TAMARA,"0107"
1649,Tabby Saudi For communication and IT,50011,"51095",AlQurashi-KSA,Vend,Vend Invoice,"1",Bank Charge,MAHMAL,Vend HQ,,Cash Rounding,SA,TABBY,"0204"
2649,Nakhla IT Systems (LLC) Tamara,69011,"51071",AlQurashi-KSA,Vend,Vend Invoice,"1",Bank Charge,MAHMAL,Vend HQ,,Cash Rounding,SA,TAMARA,"0204"
2667,Nakhla IT Systems (LLC) Tamara,69011,"51068",AlQurashi-KSA,Vend,Vend Invoice,"1",Bank Charge,MAKKAH,Vend HQ,,Cash Rounding,SA,TAMARA,"1401"
1652,Tabby Saudi For communication and IT,50011,"51104",AlQurashi-KSA,Vend,Vend Invoice,"1",Bank Charge,MEDAD,Vend HQ,,Cash Rounding,SA,TABBY,"0103"
2652,Nakhla IT Systems (LLC) Tamara,69011,"51076",AlQurashi-KSA,Vend,Vend Invoice,"1",Bank Charge,MEDAD,Vend HQ,,Cash Rounding,SA,TAMARA,"0103"
1623,Tabby Saudi For communication and IT,50011,"51103",AlQurashi-KSA,Vend,Vend Invoice,"1",Bank Charge,NOUR,Vend HQ,,Cash Rounding,SA,TABBY,"0302"
2623,Nakhla IT Systems (LLC) Tamara,69011,"51081",AlQurashi-KSA,Vend,Vend Invoice,"1",Bank Charge,NOUR,Vend HQ,,Cash Rounding,SA,TAMARA,"0302"
1634,Tabby Saudi For communication and IT,50011,"51119",AlQurashi-KSA,Vend,Vend Invoice,"1",Bank Charge,TABOUK,Vend HQ,,Cash Rounding,SA,TABBY,"1501"
2634,Nakhla IT Systems (LLC) Tamara,69011,"51073",AlQurashi-KSA,Vend,Vend Invoice,"1",Bank Charge,TABOUK,Vend HQ,,Cash Rounding,SA,TAMARA,"1501"
1647,Tabby Saudi For communication and IT,50011,"51090",AlQurashi-KSA,Vend,Vend Invoice,"1",Bank Charge,REDSEA,Vend HQ,,Cash Rounding,SA,TABBY,"0202"
2647,Nakhla IT Systems (LLC) Tamara,69011,"51067",AlQurashi-KSA,Vend,Vend Invoice,"1",Bank Charge,REDSEA,Vend HQ,,Cash Rounding,SA,TAMARA,"0202"
1651,Tabby Saudi For communication and IT,50011,"51118",AlQurashi-KSA,Vend,Vend Invoice,"1",Bank Charge,SALAMJED,Vend HQ,,Cash Rounding,SA,TABBY,"0208"
2651,Nakhla IT Systems (LLC) Tamara,69011,"51053",AlQurashi-KSA,Vend,Vend Invoice,"1",Bank Charge,SALAMJED,Vend HQ,,Cash Rounding,SA,TAMARA,"0208"
1633,Tabby Saudi For communication and IT,50011,"51110",AlQurashi-KSA,Vend,Vend Invoice,"1",Bank Charge,SALAMAH,Vend HQ,,Cash Rounding,SA,TABBY,"1201"
2633,Nakhla IT Systems (LLC) Tamara,69011,"51064",AlQurashi-KSA,Vend,Vend Invoice,"1",Bank Charge,SALAMAH,Vend HQ,,Cash Rounding,SA,TAMARA,"1201"
1646,Tabby Saudi For communication and IT,50011,"51107",AlQurashi-KSA,Vend,Vend Invoice,"1",Bank Charge,TAHLIA,Vend HQ,,Cash Rounding,SA,TABBY,"0201"
2646,Nakhla IT Systems (LLC) Tamara,69011,"51080",AlQurashi-KSA,Vend,Vend Invoice,"1",Bank Charge,TAHLIA,Vend HQ,,Cash Rounding,SA,TAMARA,"0201"
1619,Tabby Saudi For communication and IT,50011,"51124",AlQurashi-KSA,Vend,Vend Invoice,"1",Bank Charge,TALAMALL,Vend HQ,,Cash Rounding,SA,TABBY,"0106"
2619,Nakhla IT Systems (LLC) Tamara,69011,"51059",AlQurashi-KSA,Vend,Vend Invoice,"1",Bank Charge,TALAMALL,Vend HQ,,Cash Rounding,SA,TAMARA,"0106"
1643,Tabby Saudi For communication and IT,50011,"51105",AlQurashi-KSA,Vend,Vend Invoice,"1",Bank Charge,TAWAREN,Vend HQ,,Cash Rounding,SA,TABBY,"0101"
2643,Nakhla IT Systems (LLC) Tamara,69011,"51056",AlQurashi-KSA,Vend,Vend Invoice,"1",Bank Charge,TAWAREN,Vend HQ,,Cash Rounding,SA,TAMARA,"0101"
1627,Tabby Saudi For communication and IT,50011,"51089",AlQurashi-KSA,Vend,Vend Invoice,"1",Bank Charge,WESTAVENUE,Vend HQ,,Cash Rounding,SA,TABBY,"0702"
2627,Nakhla IT Systems (LLC) Tamara,69011,"51046",AlQurashi-KSA,Vend,Vend Invoice,"1",Bank Charge,WESTAVENUE,Vend HQ,,Cash Rounding,SA,TAMARA,"0702"
1666,Tabby Saudi For communication and IT,50011,"51100",AlQurashi-KSA,Vend,Vend Invoice,"1",Bank Charge,YASMEEN,Vend HQ,,Cash Rounding,SA,TABBY,"0207"
2666,Nakhla IT Systems (LLC) Tamara,69011,"51050",AlQurashi-KSA,Vend,Vend Invoice,"1",Bank Charge,YASMEEN,Vend HQ,,Cash Rounding,SA,TAMARA,"0207"
1631,Tabby Saudi For communication and IT,50011,"51116",AlQurashi-KSA,Vend,Vend Invoice,"1",Bank Charge,NAKJPLAZA,Vend HQ,,Cash Rounding,SA,TABBY,"1101"
1648,Tabby Saudi For communication and IT,50011,"51126",AlQurashi-KSA,Vend,Vend Invoice,"1",Bank Charge,ANDLUS,Vend HQ,,Cash Rounding,SA,TABBY,"0203"
1653,Tabby Saudi For communication and IT,50011,"51115",AlQurashi-KSA,Vend,Vend Invoice,"1",Bank Charge,AMWAJ,Vend HQ,,Cash Rounding,SA,TABBY,"0401"
1667,Tabby Saudi For communication and IT,50011,"51091",AlQurashi-KSA,Vend,Vend Invoice,"1",Bank Charge,MAKKAH,Vend HQ,,Cash Rounding,SA,TABBY,"1401"
1686,Nakhla IT Systems (LLC) Tamara,69011,"52030",AlQurashi-KSA,Vend,Vend Invoice,"1",Bank Charge,RABWA,Vend HQ,,Cash Rounding,SA,TAMARA,"0112"
2686,Tabby Saudi For communication and IT,50011,"52008",AlQurashi-KSA,Vend,Vend Invoice,"1",Bank Charge,RABWA,Vend HQ,,Cash Rounding,SA,TABBY,"0112"
1720,Tabby Saudi For communication and IT,50011,"52021",AlQurashi-KSA,Vend,Vend Invoice,"1",Bank Charge,RASHIDJZN,Vend HQ,,Cash Rounding,SA,TABBY,"1302"
2720,Nakhla IT Systems (LLC) Tamara,69011,"52040",AlQurashi-KSA,Vend,Vend Invoice,"1",Bank Charge,RASHIDJZN,Vend HQ,,Cash Rounding,SA,TAMARA,"1302"
1727,Tabby Saudi For communication and IT,50011,"52011",AlQurashi-KSA,Vend,Vend Invoice,"1",Bank Charge,PARKHMT,Vend HQ,,Cash Rounding,SA,TABBY,"1002"
2727,Nakhla IT Systems (LLC) Tamara,69011,"52027",AlQurashi-KSA,Vend,Vend Invoice,"1",Bank Charge,PARKHMT,Vend HQ,,Cash Rounding,SA,TAMARA,"1002"
1726,Tabby Saudi For communication and IT,50011,"52022",AlQurashi-KSA,Vend,Vend Invoice,"1",Bank Charge,VILLAGEHMT,Vend HQ,,Cash Rounding,SA,TABBY,"0215"
2726,Nakhla IT Systems (LLC) Tamara,69011,"52034",AlQurashi-KSA,Vend,Vend Invoice,"1",Bank Charge,VILLAGEHMT,Vend HQ,,Cash Rounding,SA,TAMARA,"0215"
1723,Tabby Saudi For communication and IT,50011,"52013",AlQurashi-KSA,Vend,Vend Invoice,"1",Bank Charge,HAFRBATIN,Vend HQ,,Cash Rounding,SA,TABBY,"0803"
2723,Nakhla IT Systems (LLC) Tamara,69011,"52029",AlQurashi-KSA,Vend,Vend Invoice,"1",Bank Charge,HAFRBATIN,Vend HQ,,Cash Rounding,SA,TAMARA,"0803"
1724,Tabby Saudi For communication and IT,50011,"52005",AlQurashi-KSA,Vend,Vend Invoice,"1",Bank Charge,BUROTHAIM,Vend HQ,,Cash Rounding,SA,TABBY,"1103"
2724,Nakhla IT Systems (LLC) Tamara,69011,"52031",AlQurashi-KSA,Vend,Vend Invoice,"1",Bank Charge,BUROTHAIM,Vend HQ,,Cash Rounding,SA,TAMARA,"1103"
1718,Tabby Saudi For communication and IT,50011,"52012",AlQurashi-KSA,Vend,Vend Invoice,"1",Bank Charge,WADILABAN,Vend HQ,,Cash Rounding,SA,TABBY,"0115"
2718,Nakhla IT Systems (LLC) Tamara,69011,"52023",AlQurashi-KSA,Vend,Vend Invoice,"1",Bank Charge,WADILABAN,Vend HQ,,Cash Rounding,SA,TAMARA,"0115"
1663,Tabby Saudi For communication and IT,50011,"52007",AlQurashi-KSA,Vend,Vend Invoice,"1",Bank Charge,EXBSA03,Vend HQ,,Cash Rounding,SA,TABBY,"0110"
2663,Nakhla IT Systems (LLC) Tamara,69011,"52028",AlQurashi-KSA,Vend,Vend Invoice,"1",Bank Charge,EXBSA03,Vend HQ,,Cash Rounding,SA,TAMARA,"0110"
1664,Tabby Saudi For communication and IT,50011,"52004",AlQurashi-KSA,Vend,Vend Invoice,"1",Bank Charge,EXBSA04,Vend HQ,,Cash Rounding,SA,TABBY,"0110"
2664,Nakhla IT Systems (LLC) Tamara,69011,"52035",AlQurashi-KSA,Vend,Vend Invoice,"1",Bank Charge,EXBSA04,Vend HQ,,Cash Rounding,SA,TAMARA,"0110"
1722,Tabby Saudi For communication and IT,50011,"52014",AlQurashi-KSA,Vend,Vend Invoice,"1",Bank Charge,KHAFOTHAIM,Vend HQ,,Cash Rounding,SA,TABBY,"0802"
2722,Nakhla IT Systems (LLC) Tamara,69011,"52026",AlQurashi-KSA,Vend,Vend Invoice,"1",Bank Charge,KHAFOTHAIM,Vend HQ,,Cash Rounding,SA,TAMARA,"0802"
1719,Tabby Saudi For communication and IT,50011,"52019",AlQurashi-KSA,Vend,Vend Invoice,"1",Bank Charge,RASHIDABHA,Vend HQ,,Cash Rounding,SA,TABBY,"0502"
2719,Nakhla IT Systems (LLC) Tamara,69011,"52038",AlQurashi-KSA,Vend,Vend Invoice,"1",Bank Charge,RASHIDABHA,Vend HQ,,Cash Rounding,SA,TAMARA,"0502"
1721,Tabby Saudi For communication and IT,50011,"52006",AlQurashi-KSA,Vend,Vend Invoice,"1",Bank Charge,RASHIDMAD,Vend HQ,,Cash Rounding,SA,TABBY,"0303"
2721,Nakhla IT Systems (LLC) Tamara,69011,"52037",AlQurashi-KSA,Vend,Vend Invoice,"1",Bank Charge,RASHIDMAD,Vend HQ,,Cash Rounding,SA,TAMARA,"0303"
1728,Tabby Saudi For communication and IT,50011,"52017",AlQurashi-KSA,Vend,Vend Invoice,"1",Bank Charge,NAKHDMM,Vend HQ,,Cash Rounding,SA,TABBY,"0704"
2728,Nakhla IT Systems (LLC) Tamara,69011,"52042",AlQurashi-KSA,Vend,Vend Invoice,"1",Bank Charge,NAKHDMM,Vend HQ,,Cash Rounding,SA,TAMARA,"0704"
1725,Tabby Saudi For communication and IT,50011,"52020",AlQurashi-KSA,Vend,Vend Invoice,"1",Bank Charge,DAMMOTHAIM,Vend HQ,,Cash Rounding,SA,TABBY,"0703"
2725,Nakhla IT Systems (LLC) Tamara,69011,"52024",AlQurashi-KSA,Vend,Vend Invoice,"1",Bank Charge,DAMMOTHAIM,Vend HQ,,Cash Rounding,SA,TAMARA,"0703"
614,Hungerstation,45014,"31087",AlQurashi-KSA,Vend,Vend Invoice,"1",Bank Charge,ALULA,Vend HQ,,Cash Rounding,SA,HUNGERSTATION,"1502"
615,Hungerstation,45014,"31059",AlQurashi-KSA,Vend,Vend Invoice,"1",Bank Charge,ANDLUS,Vend HQ,,Cash Rounding,SA,HUNGERSTATION,"0203"
616,Hungerstation,45014,"31075",AlQurashi-KSA,Vend,Vend Invoice,"1",Bank Charge,ARABMALL,Vend HQ,,Cash Rounding,SA,HUNGERSTATION,"0210"
617,Hungerstation,45014,"31065",AlQurashi-KSA,Vend,Vend Invoice,"1",Bank Charge,AZIZMALL,Vend HQ,,Cash Rounding,SA,HUNGERSTATION,"0206"
618,Al Nakheel Mall,3003,"2003",AlQurashi-KSA,Vend,Vend Invoice,"1",Bank Charge,NAKHELMALL,Vend HQ,,Cash Rounding,SA,NORMAL,"0105"
619,Tala Mall,3004,"2004",AlQurashi-KSA,Vend,Vend Invoice,"1",Bank Charge,TALAMALL,Vend HQ,,Cash Rounding,SA,NORMAL,"0106"
620,Khris Mall,3005,"2005",AlQurashi-KSA,Vend,Vend Invoice,"1",Bank Charge,KHERAIS,Vend HQ,,Cash Rounding,SA,NORMAL,"0107"
621,Al Hamra Mall,3006,"2006",AlQurashi-KSA,Vend,Vend Invoice,"1",Bank Charge,HAMRAA,Vend HQ,,Cash Rounding,SA,NORMAL,"0108"
622,Al Salam Mall,3007,"2007",AlQurashi-KSA,Vend,Vend Invoice,"1",Bank Charge,SALAMRYD,Vend HQ,,Cash Rounding,SA,NORMAL,"0109"
623,Noor Mall,3008,"2008",AlQurashi-KSA,Vend,Vend Invoice,"1",Bank Charge,NOUR,Vend HQ,,Cash Rounding,SA,NORMAL,"0302"
624,Al Manar Mall,3009,"2009",AlQurashi-KSA,Vend,Vend Invoice,"1",Bank Charge,MANAR,Vend HQ,,Cash Rounding,SA,NORMAL,"0301"
625,JORI MALL,4002,"3002",AlQurashi-KSA,Vend,Vend Invoice,"1",Bank Charge,JURIMALL,Vend HQ,,Cash Rounding,SA,NORMAL,"1001"
626,DAREEN MALL,4003,"3003",AlQurashi-KSA,Vend,Vend Invoice,"1",Bank Charge,DAREEN,Vend HQ,,Cash Rounding,SA,NORMAL,"0701"
627,WEST AVINEO,4004,"3004",AlQurashi-KSA,Vend,Vend Invoice,"1",Bank Charge,WESTAVENUE,Vend HQ,,Cash Rounding,SA,NORMAL,"0702"
628,AL JUBAIL MALL,4005,"3005",AlQurashi-KSA,Vend,Vend Invoice,"1",Bank Charge,JUBAIL,Vend HQ,,Cash Rounding,SA,NORMAL,"0901"
629,AL DAHRAN MALL,4006,"3006",AlQurashi-KSA,Vend,Vend Invoice,"1",Bank Charge,ZAHRAN,Vend HQ,,Cash Rounding,SA,NORMAL,"0601"
630,AL IHSA MALL,4007,"3007",AlQurashi-KSA,Vend,Vend Invoice,"1",Bank Charge,EHSAA,Vend HQ,,Cash Rounding,SA,NORMAL,"0801"
631,AL NAKheel PLAZA,4008,"3008",AlQurashi-KSA,Vend,Vend Invoice,"1",Bank Charge,NAKJPLAZA,Vend HQ,,Cash Rounding,SA,NORMAL,"1101"
632,KADI MALL,4009,"3009",AlQurashi-KSA,Vend,Vend Invoice,"1",Bank Charge,KADI,Vend HQ,,Cash Rounding,SA,NORMAL,"1301"
633,SALMAH MALL,4010,"3010",AlQurashi-KSA,Vend,Vend Invoice,"1",Bank Charge,SALAMAH,Vend HQ,,Cash Rounding,SA,NORMAL,"1201"
634,PARK MALL,4011,"3011",AlQurashi-KSA,Vend,Vend Invoice,"1",Bank Charge,TABOUK,Vend HQ,,Cash Rounding,SA,NORMAL,"1501"
635,ASSER MALL,4012,"3012",AlQurashi-KSA,Vend,Vend Invoice,"1",Bank Charge,ASEER,Vend HQ,,Cash Rounding,SA,NORMAL,"0501"
636,Hall 8,14003,"9002",AlQurashi-Kuwait,Vend Kuwait,Vend Invoice Kuwait,"1",Bank Charge KUW,Hall 8,Vend HQ,,Cash Rounding KUW,KW,NORMAL,"7002"
637,Hall 4,18007,"11001",AlQurashi-Kuwait,Vend Kuwait,Vend Invoice Kuwait,"1",Bank Charge KUW,Hall 4,Vend HQ,,Cash Rounding KUW,KW,NORMAL,"7003"
638,Hungerstation,45014,"31047",AlQurashi-KSA,Vend,Vend Invoice,"1",Bank Charge,DAREEN,Vend HQ,,Cash Rounding,SA,HUNGERSTATION,"0701"
639,Dubai Mall,52012,"36003",AlQurashi-UAE,Vend UAE,Vend Invoice UAE,"1",Bank Charge UAE,DUBMAL,Vend HQ,,Cash Rounding UAE,AE,NORMAL,"3101"
640,Mall of Oman,52013,"36004",AlQurashi-Oman,Vend Oman,Vend Invoice Oman,"1",Bank Charge OMN,OMMAL,Vend HQ,,Cash Rounding OMN,OM,NORMAL,
641,City Walk Mall,6003,"4003",AlQurashi-UAE,Vend UAE,Vend Invoice UAE,"1",Bank Charge UAE,CITYWALK,Vend HQ,,Cash Rounding UAE,AE,NORMAL,"3101"
642,Marsa AL Seef Mall,6004,"4004",AlQurashi-UAE,Vend UAE,Vend Invoice UAE,"1",Bank Charge UAE,MARSASEEF,Vend HQ,,Cash Rounding UAE,AE,NORMAL,"3003"
643,Twaren Center,3001,"2001",AlQurashi-KSA,Vend,Vend Invoice,"1",Bank Charge,TAWAREN,Vend HQ,,Cash Rounding,SA,NORMAL,"0101"
644,Riyadh Gallery,5,"2",AlQurashi-KSA,Vend,Vend Invoice,"1",Bank Charge,RYDGALLER,Vend HQ,,Cash Rounding,SA,NORMAL,"0102"
645,Al Hayat Mall,3002,"2002",AlQurashi-KSA,Vend,Vend Invoice,"1",Bank Charge,HAYAT,Vend HQ,,Cash Rounding,SA,NORMAL,"0104"
646,Tahliah,8,"8",AlQurashi-KSA,Vend,Vend Invoice,"1",Bank Charge,TAHLIA,Vend HQ,,Cash Rounding,SA,NORMAL,"0201"
647,Red Sea Mall,9,"9",AlQurashi-KSA,Vend,Vend Invoice,"1",Bank Charge,REDSEA,Vend HQ,,Cash Rounding,SA,NORMAL,"0202"
648,Andalus Mall,10,"10",AlQurashi-KSA,Vend,Vend Invoice,"1",Bank Charge,ANDLUS,Vend HQ,,Cash Rounding,SA,NORMAL,"0203"
649,Mahmal Center,11,"11",AlQurashi-KSA,Vend,Vend Invoice,"1",Bank Charge,MAHMAL,Vend HQ,,Cash Rounding,SA,NORMAL,"0204"
650,Felamengo Mall,12,"12",AlQurashi-KSA,Vend,Vend Invoice,"1",Bank Charge,FLAMINGO,Vend HQ,,Cash Rounding,SA,NORMAL,"0205"
651,Salam Mall,15,"15",AlQurashi-KSA,Vend,Vend Invoice,"1",Bank Charge,SALAMJED,Vend HQ,,Cash Rounding,SA,NORMAL,"0208"
652,Medad Center,6,"6",AlQurashi-KSA,Vend,Vend Invoice,"1",Bank Charge,MEDAD,Vend HQ,,Cash Rounding,SA,NORMAL,"0103"
653,AMUAJJ MALL,4001,"3001",AlQurashi-KSA,Vend,Vend Invoice,"1",Bank Charge,AMWAJ,Vend HQ,,Cash Rounding,SA,NORMAL,"0401"
654,Aziz Mall,13,"13",AlQurashi-KSA,Vend,Vend Invoice,"1",Bank Charge,AZIZMALL,Vend HQ,,Cash Rounding,SA,NORMAL,"0206"
655,Haifaa Mall,16,"16",AlQurashi-KSA,Vend,Vend Invoice,"1",Bank Charge,HAIFAA,Vend HQ,,Cash Rounding,SA,NORMAL,"0209"
656,Saharah Mall,6005,"4005",AlQurashi-UAE,Vend UAE,Vend Invoice UAE,"1",Bank Charge UAE,SAHARH,Vend HQ,,Cash Rounding UAE,AE,NORMAL,"3201"
657,AL Ain Mall,6006,"4006",AlQurashi-UAE,Vend UAE,Vend Invoice UAE,"1",Bank Charge UAE,ALAIN,Vend HQ,,Cash Rounding UAE,AE,NORMAL,"3301"
658,AL Fujairah Mall,6007,"4007",AlQurashi-UAE,Vend UAE,Vend Invoice UAE,"1",Bank Charge UAE,FUJAIRAH,Vend HQ,,Cash Rounding UAE,AE,NORMAL,"3402"
659,Manar Mall RAK,6008,"4008",AlQurashi-UAE,Vend UAE,Vend Invoice UAE,"1",Bank Charge UAE,MANARRAK,Vend HQ,,Cash Rounding UAE,AE,NORMAL,"3501"
660,AL Wehdah Mall,6001,"4001",AlQurashi-UAE,Vend UAE,Vend Invoice UAE,"1",Bank Charge UAE,WEHDA,Vend HQ,,Cash Rounding UAE,AE,NORMAL,"3001"
661,Deerfields Mall,6002,"4002",AlQurashi-UAE,Vend UAE,Vend Invoice UAE,"1",Bank Charge UAE,DEERFIELDS,Vend HQ,,Cash Rounding UAE,AE,NORMAL,"3002"
662,Dana Mall,34011,"32003",AlQurashi-KSA,Vend,Vend Invoice,"1",Bank Charge,DANA,Vend HQ,,Cash Rounding,SA,NORMAL,"1701"
663,Exhibition-SA3,67014,"48005",AlQurashi-KSA,Vend,Vend Invoice,"1",Bank Charge,EXBSA03,Vend HQ,,Cash Rounding,SA,NORMAL,"0110"
664,Exhibition-SA4,67015,"48006",AlQurashi-KSA,Vend,Vend Invoice,"1",Bank Charge,EXBSA04,Vend HQ,,Cash Rounding,SA,NORMAL,"0110"
665,Arab Mall,2001,"1001",AlQurashi-KSA,Vend,Vend Invoice,"1",Bank Charge,ARABMALL,Vend HQ,,Cash Rounding,SA,NORMAL,"0210"
666,Yasmeen Mall,14,"14",AlQurashi-KSA,Vend,Vend Invoice,"1",Bank Charge,YASMEEN,Vend HQ,,Cash Rounding,SA,NORMAL,"0207"
667,Makkah Mall,2002,"1002",AlQurashi-KSA,Vend,Vend Invoice,"1",Bank Charge,MAKKAH,Vend HQ,,Cash Rounding,SA,NORMAL,"1401"
668,Al Ula,45013,"30005",AlQurashi-KSA,Vend,Vend Invoice,"1",Bank Charge,ALULA,Vend HQ,,Cash Rounding,SA,NORMAL,"1502"
669,Mrsool,45015,"31101",AlQurashi-KSA,Vend,Vend Invoice,"1",Bank Charge,MAKTOWER,Vend HQ,,Cash Rounding,SA,MRSOOL,"1402"
670,Makkah Tower,55011,"39003",AlQurashi-KSA,Vend,Vend Invoice,"1",Bank Charge,MAKTOWER,Vend HQ,,Cash Rounding,SA,NORMAL,"1402"
1688,Tabby Saudi For communication and IT,50011,"52009",AlQurashi-KSA,Vend,Vend Invoice,"1",Bank Charge,ARARMALL,Vend HQ,,Cash Rounding,SA,TABBY,"0113"
2688,Nakhla IT Systems (LLC) Tamara,69011,"52039",AlQurashi-KSA,Vend,Vend Invoice,"1",Bank Charge,ARARMALL,Vend HQ,,Cash Rounding,SA,TAMARA,"0113"
1674,Tabby Saudi For communication and IT,50011,"52018",AlQurashi-KSA,Vend,Vend Invoice,"1",Bank Charge,ONAIZAH,Vend HQ,,Cash Rounding,SA,TABBY,"1102"
2675,Nakhla IT Systems (LLC) Tamara,69011,"52036",AlQurashi-KSA,Vend,Vend Invoice,"1",Bank Charge,ONAIZAH,Vend HQ,,Cash Rounding,SA,TAMARA,"1102"
1669,Tabby Saudi For communication and IT,50011,"52010",AlQurashi-KSA,Vend,Vend Invoice,"1",Bank Charge,MAKTOWER,Vend HQ,,Cash Rounding,SA,TABBY,"1402"
562,Avenues,7001,"5001",AlQurashi-Kuwait,Vend Kuwait,Vend Invoice Kuwait,"1",Bank Charge KUW,Avenues,Vend HQ,,Cash Rounding KUW,KW,NORMAL,"7001"
563,City Centre Muscat,22012,"17002",AlQurashi-Oman,Vend Oman,Vend Invoice Oman,"1",Bank Charge OMN,MUSCATCC,Vend HQ,,Cash Rounding OMN,OM,NORMAL,
564,Zahia mall,22011,"17001",AlQurashi-UAE,Vend UAE,Vend Invoice UAE,"1",Bank Charge UAE,ZAHIA,Vend HQ,,Cash Rounding UAE,AE,NORMAL,"3202"
565,City Centre Bahrain,23011,"17003",AlQurashi-Bahrain,Vend Bahrain,Vend Invoice Bahrain,"1",Bank Charge Bahrain,CCNTRBHR,Vend HQ,,Cash Rounding Bahrain,BH,NORMAL,
566,Mrsool,45015,"31125",AlQurashi-KSA,Vend,Vend Invoice,"1",Bank Charge,NAKHELMALL,Vend HQ,,Cash Rounding,SA,MRSOOL,"0105"
567,Mrsool,45015,"31126",AlQurashi-KSA,Vend,Vend Invoice,"1",Bank Charge,TALAMALL,Vend HQ,,Cash Rounding,SA,MRSOOL,"0106"
568,Mrsool,45015,"31119",AlQurashi-KSA,Vend,Vend Invoice,"1",Bank Charge,KHERAIS,Vend HQ,,Cash Rounding,SA,MRSOOL,"0107"
569,Mrsool,45015,"31124",AlQurashi-KSA,Vend,Vend Invoice,"1",Bank Charge,HAMRAA,Vend HQ,,Cash Rounding,SA,MRSOOL,"0108"
570,Mrsool,45015,"31092",AlQurashi-KSA,Vend,Vend Invoice,"1",Bank Charge,SALAMRYD,Vend HQ,,Cash Rounding,SA,MRSOOL,"0109"
571,Mrsool,45015,"31121",AlQurashi-KSA,Vend,Vend Invoice,"1",Bank Charge,NOUR,Vend HQ,,Cash Rounding,SA,MRSOOL,"0302"
572,Mrsool,45015,"31093",AlQurashi-KSA,Vend,Vend Invoice,"1",Bank Charge,MANAR,Vend HQ,,Cash Rounding,SA,MRSOOL,"0301"
573,Mrsool,45015,"31099",AlQurashi-KSA,Vend,Vend Invoice,"1",Bank Charge,JURIMALL,Vend HQ,,Cash Rounding,SA,MRSOOL,"1001"
574,Mrsool,45015,"31127",AlQurashi-KSA,Vend,Vend Invoice,"1",Bank Charge,DAREEN,Vend HQ,,Cash Rounding,SA,MRSOOL,"0701"
575,Mrsool,45015,"31107",AlQurashi-KSA,Vend,Vend Invoice,"1",Bank Charge,WESTAVENUE,Vend HQ,,Cash Rounding,SA,MRSOOL,"0702"
576,Mrsool,45015,"31116",AlQurashi-KSA,Vend,Vend Invoice,"1",Bank Charge,JUBAIL,Vend HQ,,Cash Rounding,SA,MRSOOL,"0901"
577,Mrsool,45015,"31103",AlQurashi-KSA,Vend,Vend Invoice,"1",Bank Charge,ZAHRAN,Vend HQ,,Cash Rounding,SA,MRSOOL,"0601"
578,Mrsool,45015,"31133",AlQurashi-KSA,Vend,Vend Invoice,"1",Bank Charge,EHSAA,Vend HQ,,Cash Rounding,SA,MRSOOL,"0801"
579,Mrsool,45015,"31104",AlQurashi-KSA,Vend,Vend Invoice,"1",Bank Charge,NAKJPLAZA,Vend HQ,,Cash Rounding,SA,MRSOOL,"1101"
580,Mrsool,45015,"31114",AlQurashi-KSA,Vend,Vend Invoice,"1",Bank Charge,KADI,Vend HQ,,Cash Rounding,SA,MRSOOL,"1301"
581,Mrsool,45015,"31111",AlQurashi-KSA,Vend,Vend Invoice,"1",Bank Charge,SALAMAH,Vend HQ,,Cash Rounding,SA,MRSOOL,"1201"
582,Mrsool,45015,"31118",AlQurashi-KSA,Vend,Vend Invoice,"1",Bank Charge,TABOUK,Vend HQ,,Cash Rounding,SA,MRSOOL,"1501"
583,Mrsool,45015,"31100",AlQurashi-KSA,Vend,Vend Invoice,"1",Bank Charge,ASEER,Vend HQ,,Cash Rounding,SA,MRSOOL,"0501"
584,Mrsool,45015,"31106",AlQurashi-KSA,Vend,Vend Invoice,"1",Bank Charge,TAWAREN,Vend HQ,,Cash Rounding,SA,MRSOOL,"0101"
585,Mrsool,45015,"31128",AlQurashi-KSA,Vend,Vend Invoice,"1",Bank Charge,RYDGALLER,Vend HQ,,Cash Rounding,SA,MRSOOL,"0102"
586,Mrsool,45015,"31132",AlQurashi-KSA,Vend,Vend Invoice,"1",Bank Charge,HAYAT,Vend HQ,,Cash Rounding,SA,MRSOOL,"0104"
587,Mrsool,45015,"31094",AlQurashi-KSA,Vend,Vend Invoice,"1",Bank Charge,TAHLIA,Vend HQ,,Cash Rounding,SA,MRSOOL,"0201"
588,Mrsool,45015,"31123",AlQurashi-KSA,Vend,Vend Invoice,"1",Bank Charge,REDSEA,Vend HQ,,Cash Rounding,SA,MRSOOL,"0202"
589,Mrsool,45015,"31098",AlQurashi-KSA,Vend,Vend Invoice,"1",Bank Charge,ANDLUS,Vend HQ,,Cash Rounding,SA,MRSOOL,"0203"
590,Mrsool,45015,"31117",AlQurashi-KSA,Vend,Vend Invoice,"1",Bank Charge,MAHMAL,Vend HQ,,Cash Rounding,SA,MRSOOL,"0204"
591,Mrsool,45015,"31112",AlQurashi-KSA,Vend,Vend Invoice,"1",Bank Charge,FLAMINGO,Vend HQ,,Cash Rounding,SA,MRSOOL,"0205"
592,Mrsool,45015,"31110",AlQurashi-KSA,Vend,Vend Invoice,"1",Bank Charge,SALAMJED,Vend HQ,,Cash Rounding,SA,MRSOOL,"0208"
593,Mrsool,45015,"31108",AlQurashi-KSA,Vend,Vend Invoice,"1",Bank Charge,MEDAD,Vend HQ,,Cash Rounding,SA,MRSOOL,"0103"
594,Mrsool,45015,"31131",AlQurashi-KSA,Vend,Vend Invoice,"1",Bank Charge,AMWAJ,Vend HQ,,Cash Rounding,SA,MRSOOL,"0401"
595,Mrsool,45015,"31113",AlQurashi-KSA,Vend,Vend Invoice,"1",Bank Charge,AZIZMALL,Vend HQ,,Cash Rounding,SA,MRSOOL,"0206"
596,Mrsool,45015,"31105",AlQurashi-KSA,Vend,Vend Invoice,"1",Bank Charge,HAIFAA,Vend HQ,,Cash Rounding,SA,MRSOOL,"0209"
597,Mrsool,45015,"31122",AlQurashi-KSA,Vend,Vend Invoice,"1",Bank Charge,DANA,Vend HQ,,Cash Rounding,SA,MRSOOL,"1701"
598,Mrsool,45015,"31102",AlQurashi-KSA,Vend,Vend Invoice,"1",Bank Charge,ARABMALL,Vend HQ,,Cash Rounding,SA,MRSOOL,"0210"
599,Mrsool,45015,"31095",AlQurashi-KSA,Vend,Vend Invoice,"1",Bank Charge,YASMEEN,Vend HQ,,Cash Rounding,SA,MRSOOL,"0207"
600,Mrsool,45015,"31101",AlQurashi-KSA,Vend,Vend Invoice,"1",Bank Charge,MAKKAH,Vend HQ,,Cash Rounding,SA,MRSOOL,"1401"
601,Mrsool,45015,"31115",AlQurashi-KSA,Vend,Vend Invoice,"1",Bank Charge,ALULA,Vend HQ,,Cash Rounding,SA,MRSOOL,"1502"
602,Mrsool,45015,"31097",AlQurashi-KSA,Vend,Vend Invoice,"1",Bank Charge,GRANADA,Vend HQ,,Cash Rounding,SA,MRSOOL,"0110"
603,Hungerstation,45014,"31062",AlQurashi-KSA,Vend,Vend Invoice,"1",Bank Charge,ZAHRAN,Vend HQ,,Cash Rounding,SA,HUNGERSTATION,"0601"
604,Hungerstation,45014,"31067",AlQurashi-KSA,Vend,Vend Invoice,"1",Bank Charge,EHSAA,Vend HQ,,Cash Rounding,SA,HUNGERSTATION,"0801"
605,Hungerstation,45014,"31048",AlQurashi-KSA,Vend,Vend Invoice,"1",Bank Charge,JUBAIL,Vend HQ,,Cash Rounding,SA,HUNGERSTATION,"0901"
606,Hungerstation,45014,"31082",AlQurashi-KSA,Vend,Vend Invoice,"1",Bank Charge,NAKJPLAZA,Vend HQ,,Cash Rounding,SA,HUNGERSTATION,"1101"
607,Hungerstation,45014,"31083",AlQurashi-KSA,Vend,Vend Invoice,"1",Bank Charge,AMWAJ,Vend HQ,,Cash Rounding,SA,HUNGERSTATION,"0401"
608,Hungerstation,45014,"31066",AlQurashi-KSA,Vend,Vend Invoice,"1",Bank Charge,ASEER,Vend HQ,,Cash Rounding,SA,HUNGERSTATION,"0501"
609,Hungerstation,45014,"31080",AlQurashi-KSA,Vend,Vend Invoice,"1",Bank Charge,HAMRAA,Vend HQ,,Cash Rounding,SA,HUNGERSTATION,"0108"
610,Hungerstation,45014,"31073",AlQurashi-KSA,Vend,Vend Invoice,"1",Bank Charge,HAYAT,Vend HQ,,Cash Rounding,SA,HUNGERSTATION,"0104"
611,Hungerstation,45014,"31074",AlQurashi-KSA,Vend,Vend Invoice,"1",Bank Charge,MANAR,Vend HQ,,Cash Rounding,SA,HUNGERSTATION,"0301"
612,Hungerstation,45014,"31057",AlQurashi-KSA,Vend,Vend Invoice,"1",Bank Charge,NAKHELMALL,Vend HQ,,Cash Rounding,SA,HUNGERSTATION,"0105"
613,Hungerstation,45014,"31060",AlQurashi-KSA,Vend,Vend Invoice,"1",Bank Charge,SALAMRYD,Vend HQ,,Cash Rounding,SA,HUNGERSTATION,"0109"
677,Hungerstation,45014,"31074",AlQurashi-KSA,Vend,Vend Invoice,"1",Bank Charge,EXBSA,Vend HQ,,Cash Rounding,SA,HUNGERSTATION,"0113"
678,Exhibition-SA,55012,"39004",AlQurashi-KSA,Vend,Vend Invoice,"1",Bank Charge,EXBSA,Vend HQ,,Cash Rounding,SA,NORMAL,"0113"
679,Exhibition-OMN,55016,"39008",AlQurashi-Oman,Vend Oman,Vend Invoice Oman,"1",Bank Charge OMN,EXBOMN,Vend HQ,,Cash Rounding OMN,OM,NORMAL,
680,Fujairah City Center,55017,"39009",AlQurashi-UAE,Vend UAE,Vend Invoice UAE,"1",Bank Charge UAE,FUJAIRAHCC,Vend HQ,,Cash Rounding UAE,AE,NORMAL,"3402"
681,Mrsool,45015,"31093",AlQurashi-KSA,Vend,Vend Invoice,"1",Bank Charge,GRMALLHAIL,Vend HQ,,Cash Rounding,SA,MRSOOL,"0113"
682,Hungerstation,45014,"31074",AlQurashi-KSA,Vend,Vend Invoice,"1",Bank Charge,GRMALLHAIL,Vend HQ,,Cash Rounding,SA,HUNGERSTATION,"0113"
683,AlOthaim Mall Hail,57013,"41005",AlQurashi-KSA,Vend,Vend Invoice,"1",Bank Charge,GRMALLHAIL,Vend HQ,,Cash Rounding,SA,NORMAL,"0113"
684,Mrsool,45015,"31093",AlQurashi-KSA,Vend,Vend Invoice,"1",Bank Charge,RABWA,Vend HQ,,Cash Rounding,SA,MRSOOL,"0113"
685,Hungerstation,45014,"31074",AlQurashi-KSA,Vend,Vend Invoice,"1",Bank Charge,RABWA,Vend HQ,,Cash Rounding,SA,HUNGERSTATION,"0113"
686,AlOthaim Mall Rabwa,57014,"41006",AlQurashi-KSA,Vend,Vend Invoice,"1",Bank Charge,RABWA,Vend HQ,,Cash Rounding,SA,NORMAL,"0113"
687,Mrsool,45015,"31093",AlQurashi-KSA,Vend,Vend Invoice,"1",Bank Charge,ARARMALL,Vend HQ,,Cash Rounding,SA,MRSOOL,"0113"
688,Hungerstation,45014,"31074",AlQurashi-KSA,Vend,Vend Invoice,"1",Bank Charge,ARARMALL,Vend HQ,,Cash Rounding,SA,HUNGERSTATION,"0113"
689,Arar Mall,57015,"41007",AlQurashi-KSA,Vend,Vend Invoice,"1",Bank Charge,ARARMALL,Vend HQ,,Cash Rounding,SA,NORMAL,"0113"
690,Mrsool,45015,"31093",AlQurashi-KSA,Vend,Vend Invoice,"1",Bank Charge,EXBSA02,Vend HQ,,Cash Rounding,SA,MRSOOL,"0113"
691,Hungerstation,45014,"31074",AlQurashi-KSA,Vend,Vend Invoice,"1",Bank Charge,EXBSA02,Vend HQ,,Cash Rounding,SA,HUNGERSTATION,"0113"
692,Exhibition Jed,57012,"41004",AlQurashi-KSA,Vend,Vend Invoice,"1",Bank Charge,EXBSA02,Vend HQ,,Cash Rounding,SA,NORMAL,"0113"
693,Sohar City,14004,"9003",AlQurashi-Oman,Vend Oman,Vend Invoice Oman,"1",Bank Charge OMN,SOHARCITY,Vend HQ,,Cash Rounding OMN,OM,NORMAL,
694,Granada Mall,30011,"23004",AlQurashi-KSA,Vend,Vend Invoice,"1",Bank Charge,GRANADA,Vend HQ,,Cash Rounding,SA,NORMAL,"0110"
695,Hungerstation,45014,"31091",AlQurashi-KSA,Vend,Vend Invoice,"1",Bank Charge,DANA,Vend HQ,,Cash Rounding,SA,HUNGERSTATION,"1701"
696,Hungerstation,45014,"31070",AlQurashi-KSA,Vend,Vend Invoice,"1",Bank Charge,FLAMINGO,Vend HQ,,Cash Rounding,SA,HUNGERSTATION,"0205"
697,Hungerstation,45014,"31089",AlQurashi-KSA,Vend,Vend Invoice,"1",Bank Charge,GRANADA,Vend HQ,,Cash Rounding,SA,HUNGERSTATION,"0110"
698,Hungerstation,45014,"31071",AlQurashi-KSA,Vend,Vend Invoice,"1",Bank Charge,HAIFAA,Vend HQ,,Cash Rounding,SA,HUNGERSTATION,"0209"
699,Hungerstation,45014,"31078",AlQurashi-KSA,Vend,Vend Invoice,"1",Bank Charge,JURIMALL,Vend HQ,,Cash Rounding,SA,HUNGERSTATION,"1001"
700,Hungerstation,45014,"31085",AlQurashi-KSA,Vend,Vend Invoice,"1",Bank Charge,KADI,Vend HQ,,Cash Rounding,SA,HUNGERSTATION,"1301"
701,Hungerstation,45014,"31056",AlQurashi-KSA,Vend,Vend Invoice,"1",Bank Charge,KHERAIS,Vend HQ,,Cash Rounding,SA,HUNGERSTATION,"0107"
702,Hungerstation,45014,"31053",AlQurashi-KSA,Vend,Vend Invoice,"1",Bank Charge,MAHMAL,Vend HQ,,Cash Rounding,SA,HUNGERSTATION,"0204"
703,Hungerstation,45014,"31086",AlQurashi-KSA,Vend,Vend Invoice,"1",Bank Charge,MAKKAH,Vend HQ,,Cash Rounding,SA,HUNGERSTATION,"1401"
704,Hungerstation,45014,"31090",AlQurashi-KSA,Vend,Vend Invoice,"1",Bank Charge,MEDAD,Vend HQ,,Cash Rounding,SA,HUNGERSTATION,"0103"
705,Hungerstation,45014,"31088",AlQurashi-KSA,Vend,Vend Invoice,"1",Bank Charge,NOUR,Vend HQ,,Cash Rounding,SA,HUNGERSTATION,"0302"
706,Hungerstation,45014,"31049",AlQurashi-KSA,Vend,Vend Invoice,"1",Bank Charge,TABOUK,Vend HQ,,Cash Rounding,SA,HUNGERSTATION,"1501"
707,Hungerstation,45014,"31064",AlQurashi-KSA,Vend,Vend Invoice,"1",Bank Charge,REDSEA,Vend HQ,,Cash Rounding,SA,HUNGERSTATION,"0202"
708,Hungerstation,45014,"31076",AlQurashi-KSA,Vend,Vend Invoice,"1",Bank Charge,RYDGALLER,Vend HQ,,Cash Rounding,SA,HUNGERSTATION,"0102"
709,Hungerstation,45014,"31061",AlQurashi-KSA,Vend,Vend Invoice,"1",Bank Charge,SALAMAH,Vend HQ,,Cash Rounding,SA,HUNGERSTATION,"1201"
710,Hungerstation,45014,"31077",AlQurashi-KSA,Vend,Vend Invoice,"1",Bank Charge,SALAMJED,Vend HQ,,Cash Rounding,SA,HUNGERSTATION,"0208"
711,Hungerstation,45014,"31051",AlQurashi-KSA,Vend,Vend Invoice,"1",Bank Charge,TAHLIA,Vend HQ,,Cash Rounding,SA,HUNGERSTATION,"0201"
712,Hungerstation,45014,"31058",AlQurashi-KSA,Vend,Vend Invoice,"1",Bank Charge,TALAMALL,Vend HQ,,Cash Rounding,SA,HUNGERSTATION,"0106"
713,Hungerstation,45014,"31050",AlQurashi-KSA,Vend,Vend Invoice,"1",Bank Charge,TAWAREN,Vend HQ,,Cash Rounding,SA,HUNGERSTATION,"0101"
714,Hungerstation,45014,"31052",AlQurashi-KSA,Vend,Vend Invoice,"1",Bank Charge,WESTAVENUE,Vend HQ,,Cash Rounding,SA,HUNGERSTATION,"0702"
715,Hungerstation,45014,"31068",AlQurashi-KSA,Vend,Vend Invoice,"1",Bank Charge,YASMEEN,Vend HQ,,Cash Rounding,SA,HUNGERSTATION,"0207"
716,Mirdif City Center,57011,"41003",AlQurashi-UAE,Vend UAE,Vend Invoice UAE,"1",Bank Charge UAE,MIRDIFFCC,Vend HQ,,Cash Rounding UAE,AE,NORMAL,"3104"
717,Avenues Kiosk,64011,"46003",AlQurashi-Kuwait,Vend Kuwait,Vend Invoice Kuwait,"1",Bank Charge KUW,AVENUKIOSK,Vend HQ,,Cash Rounding KUW,KW,NORMAL,"7004"
718,Ryd Wadi Laban,68011,"49003",AlQurashi-KSA,Vend,Vend Invoice,"1",Bank Charge,WADILABAN,Vend HQ,,Cash Rounding,SA,NORMAL,"0115"
719,Rashid Abha,68012,"49004",AlQurashi-KSA,Vend,Vend Invoice,"1",Bank Charge,RASHIDABHA,Vend HQ,,Cash Rounding,SA,NORMAL,"0502"
720,Rashid Jizan,68013,"49005",AlQurashi-KSA,Vend,Vend Invoice,"1",Bank Charge,RASHIDJZN,Vend HQ,,Cash Rounding,SA,NORMAL,"1302"
721,Rashid Madinah,68014,"49006",AlQurashi-KSA,Vend,Vend Invoice,"1",Bank Charge,RASHIDMAD,Vend HQ,,Cash Rounding,SA,NORMAL,"0303"
722,Khafji Othaim,68015,"49007",AlQurashi-KSA,Vend,Vend Invoice,"1",Bank Charge,KHAFOTHAIM,Vend HQ,,Cash Rounding,SA,NORMAL,"0802"
723,Hafral Batin,68016,"49008",AlQurashi-KSA,Vend,Vend Invoice,"1",Bank Charge,HAFRBATIN,Vend HQ,,Cash Rounding,SA,NORMAL,"0803"
724,Buraida Othaim,68017,"49009",AlQurashi-KSA,Vend,Vend Invoice,"1",Bank Charge,BUROTHAIM,Vend HQ,,Cash Rounding,SA,NORMAL,"1103"
725,Dam Othaim,68018,"49010",AlQurashi-KSA,Vend,Vend Invoice,"1",Bank Charge,DAMMOTHAIM,Vend HQ,,Cash Rounding,SA,NORMAL,"0703"
726,Village Hamat,68019,"49011",AlQurashi-KSA,Vend,Vend Invoice,"1",Bank Charge,VILLAGEHMT,Vend HQ,,Cash Rounding,SA,NORMAL,"0215"
727,Park Hamat,68020,"49012",AlQurashi-KSA,Vend,Vend Invoice,"1",Bank Charge,PARKHMT,Vend HQ,,Cash Rounding,SA,NORMAL,"1002"
728,NAKHDMM,68021,"49013",AlQurashi-KSA,Vend,Vend Invoice,"1",Bank Charge,NAKHDMM,Vend HQ,,Cash Rounding,SA,NORMAL,"0704"
1644,Tabby Saudi For communication and IT,50011,"51108",AlQurashi-KSA,Vend,Vend Invoice,"1",Bank Charge,RYDGALLER,Vend HQ,,Cash Rounding,SA,TABBY,"0104"
1645,Nakhla IT Systems (LLC) Tamara,69011,"51061",AlQurashi-KSA,Vend,Vend Invoice,"1",Bank Charge,RYDGALLER,Vend HQ,,Cash Rounding,SA,TAMARA,"0000"
3645,Tabby Saudi For communication and IT,50011,"51120",AlQurashi-KSA,Vend,Vend Invoice,"1",Bank Charge,HAYAT,Vend HQ,,Cash Rounding,SA,TABBY,"0104"
1366832,PRNCSLRD,83015,"68005",AlQurashi-KSA,Vend,Vend Invoice,"1",Bank Charge,PRNCSLRD,Vend HQ,,Cash Rounding,SA,NORMAL,"0219"
2366832,Hungerstation,45014,"68007",AlQurashi-KSA,Vend,Vend Invoice,"1",Bank Charge,PRNCSLRD,Vend HQ,,Cash Rounding,SA,HUNGERSTATION,"0219"
1566832,Tabby Saudi For communication and IT,50011,"68010",AlQurashi-KSA,Vend,Vend Invoice,"1",Bank Charge,PRNCSLRD,Vend HQ,,Cash Rounding,SA,TABBY,"0219"
1666832,Nakhla IT Systems (LLC) Tamara,69011,"68013",AlQurashi-KSA,Vend,Vend Invoice,"1",Bank Charge,PRNCSLRD,Vend HQ,,Cash Rounding,SA,TAMARA,"0219"
1760132,Mrsool,45015,"68016",AlQurashi-KSA,Vend,Vend Invoice,"1",Bank Charge,PRNCSLRD,Vend HQ,,Cash Rounding,SA,MRSOOL,"0219"
136684,MEDANDLUSH,85012,"71003",AlQurashi-KSA,Vend,Vend Invoice,"1",Bank Charge,MEDANDLUSH,Vend HQ,,Cash Rounding,SA,NORMAL,"0305"
236684,Hungerstation,45014,"71004",AlQurashi-KSA,Vend,Vend Invoice,"1",Bank Charge,MEDANDLUSH,Vend HQ,,Cash Rounding,SA,HUNGERSTATION,"0305"
156684,Tabby Saudi For communication and IT,50011,"71005",AlQurashi-KSA,Vend,Vend Invoice,"1",Bank Charge,MEDANDLUSH,Vend HQ,,Cash Rounding,SA,TABBY,"0305"
166684,Nakhla IT Systems (LLC) Tamara,69011,"71006",AlQurashi-KSA,Vend,Vend Invoice,"1",Bank Charge,MEDANDLUSH,Vend HQ,,Cash Rounding,SA,TAMARA,"0305"
176014,Mrsool,45015,"71007",AlQurashi-KSA,Vend,Vend Invoice,"1",Bank Charge,MEDANDLUSH,Vend HQ,,Cash Rounding,SA,MRSOOL,"0305"
236731,Hungerstation,45014,"73039",AlQurashi-KSA,Vend,Vend Invoice,"1",Bank Charge,JEDCORNCH1,Vend HQ,,Cash Rounding,SA,HUNGERSTATION,"221"
236732,Mrsool,45015,"73062",AlQurashi-KSA,Vend,Vend Invoice,"1",Bank Charge,JEDCORNCH1,Vend HQ,,Cash Rounding,SA,MRSOOL,"221"
236733,Tabby Saudi For communication and IT,50011,"73085",AlQurashi-KSA,Vend,Vend Invoice,"1",Bank Charge,JEDCORNCH1,Vend HQ,,Cash Rounding,SA,TABBY,"221"
236734,Nakhla IT Systems (LLC) Tamara,69011,"73109",AlQurashi-KSA,Vend,Vend Invoice,"1",Bank Charge,JEDCORNCH1,Vend HQ,,Cash Rounding,SA,TAMARA,"221"
236735,KHAMESBLD,87023,"73017",AlQurashi-KSA,Vend,Vend Invoice,"1",Bank Charge,KHAMESBLD,Vend HQ,,Cash Rounding,SA,NORMAL,"504"
236736,Hungerstation,45014,"73040",AlQurashi-KSA,Vend,Vend Invoice,"1",Bank Charge,KHAMESBLD,Vend HQ,,Cash Rounding,SA,HUNGERSTATION,"504"
236737,Mrsool,45015,"73063",AlQurashi-KSA,Vend,Vend Invoice,"1",Bank Charge,KHAMESBLD,Vend HQ,,Cash Rounding,SA,MRSOOL,"504"
236738,Tabby Saudi For communication and IT,50011,"73086",AlQurashi-KSA,Vend,Vend Invoice,"1",Bank Charge,KHAMESBLD,Vend HQ,,Cash Rounding,SA,TABBY,"504"
236739,Nakhla IT Systems (LLC) Tamara,69011,"73110",AlQurashi-KSA,Vend,Vend Invoice,"1",Bank Charge,KHAMESBLD,Vend HQ,,Cash Rounding,SA,TAMARA,"504"
236740,MEDSULTANA,87024,"73018",AlQurashi-KSA,Vend,Vend Invoice,"1",Bank Charge,MEDSULTANA,Vend HQ,,Cash Rounding,SA,NORMAL,"308"
236741,Hungerstation,45014,"73041",AlQurashi-KSA,Vend,Vend Invoice,"1",Bank Charge,MEDSULTANA,Vend HQ,,Cash Rounding,SA,HUNGERSTATION,"308"
236742,Mrsool,45015,"73064",AlQurashi-KSA,Vend,Vend Invoice,"1",Bank Charge,MEDSULTANA,Vend HQ,,Cash Rounding,SA,MRSOOL,"308"
236743,Tabby Saudi For communication and IT,50011,"73087",AlQurashi-KSA,Vend,Vend Invoice,"1",Bank Charge,MEDSULTANA,Vend HQ,,Cash Rounding,SA,TABBY,"308"
236744,Nakhla IT Systems (LLC) Tamara,69011,"73111",AlQurashi-KSA,Vend,Vend Invoice,"1",Bank Charge,MEDSULTANA,Vend HQ,,Cash Rounding,SA,TAMARA,"308"
236745,MCTAVENUES,87025,"73019",AlQurashi-Oman,Vend Oman,Vend Invoice Oman,"1",Bank Charge OMN,MCTAVENUES,Vend HQ,,Cash Rounding,OM,NORMAL,"5006"
236746,Hungerstation,45014,"73042",AlQurashi-Oman,Vend Oman,Vend Invoice Oman,"1",Bank Charge OMN,MCTAVENUES,Vend HQ,,Cash Rounding,OM,HUNGERSTATION,"5006"
236747,Mrsool,45015,"73065",AlQurashi-Oman,Vend Oman,Vend Invoice Oman,"1",Bank Charge OMN,MCTAVENUES,Vend HQ,,Cash Rounding,OM,MRSOOL,"5006"
236748,Tabby Saudi For communication and IT,50011,"73088",AlQurashi-Oman,Vend Oman,Vend Invoice Oman,"1",Bank Charge OMN,MCTAVENUES,Vend HQ,,Cash Rounding,OM,TABBY,"5006"
236749,Nakhla IT Systems (LLC) Tamara,69011,"73112",AlQurashi-Oman,Vend Oman,Vend Invoice Oman,"1",Bank Charge OMN,MCTAVENUES,Vend HQ,,Cash Rounding,OM,TAMARA,"5006"
236750,MCTLLUIBRI,87026,"73020",AlQurashi-Oman,Vend Oman,Vend Invoice Oman,"1",Bank Charge OMN,MCTLLUIBRI,Vend HQ,,Cash Rounding,OM,NORMAL,"5007"
236751,Hungerstation,45014,"73043",AlQurashi-Oman,Vend Oman,Vend Invoice Oman,"1",Bank Charge OMN,MCTLLUIBRI,Vend HQ,,Cash Rounding,OM,HUNGERSTATION,"5007"
236752,Mrsool,45015,"73066",AlQurashi-Oman,Vend Oman,Vend Invoice Oman,"1",Bank Charge OMN,MCTLLUIBRI,Vend HQ,,Cash Rounding,OM,MRSOOL,"5007"
236753,Tabby Saudi For communication and IT,50011,"73089",AlQurashi-Oman,Vend Oman,Vend Invoice Oman,"1",Bank Charge OMN,MCTLLUIBRI,Vend HQ,,Cash Rounding,OM,TABBY,"5007"
236754,Nakhla IT Systems (LLC) Tamara,69011,"73113",AlQurashi-Oman,Vend Oman,Vend Invoice Oman,"1",Bank Charge OMN,MCTLLUIBRI,Vend HQ,,Cash Rounding,OM,TAMARA,"5007"
236755,MCTLLUAMRT,87027,"73021",AlQurashi-Oman,Vend Oman,Vend Invoice Oman,"1",Bank Charge OMN,MCTLLUAMRT,Vend HQ,,Cash Rounding,OM,NORMAL,"5008"
236756,Hungerstation,45014,"73044",AlQurashi-Oman,Vend Oman,Vend Invoice Oman,"1",Bank Charge OMN,MCTLLUAMRT,Vend HQ,,Cash Rounding,OM,HUNGERSTATION,"5008"
236757,Mrsool,45015,"73067",AlQurashi-Oman,Vend Oman,Vend Invoice Oman,"1",Bank Charge OMN,MCTLLUAMRT,Vend HQ,,Cash Rounding,OM,MRSOOL,"5008"
236758,Tabby Saudi For communication and IT,50011,"73090",AlQurashi-Oman,Vend Oman,Vend Invoice Oman,"1",Bank Charge OMN,MCTLLUAMRT,Vend HQ,,Cash Rounding,OM,TABBY,"5008"
236759,Nakhla IT Systems (LLC) Tamara,69011,"73114",AlQurashi-Oman,Vend Oman,Vend Invoice Oman,"1",Bank Charge OMN,MCTLLUAMRT,Vend HQ,,Cash Rounding,OM,TAMARA,"5008"
236760,MCTLLUNZWA,87028,"73022",AlQurashi-Oman,Vend Oman,Vend Invoice Oman,"1",Bank Charge OMN,MCTLLUNZWA,Vend HQ,,Cash Rounding,OM,NORMAL,"5009"
236761,Hungerstation,45014,"73045",AlQurashi-Oman,Vend Oman,Vend Invoice Oman,"1",Bank Charge OMN,MCTLLUNZWA,Vend HQ,,Cash Rounding,OM,HUNGERSTATION,"5009"
236762,Mrsool,45015,"73068",AlQurashi-Oman,Vend Oman,Vend Invoice Oman,"1",Bank Charge OMN,MCTLLUNZWA,Vend HQ,,Cash Rounding,OM,MRSOOL,"5009"
236763,Tabby Saudi For communication and IT,50011,"73092",AlQurashi-Oman,Vend Oman,Vend Invoice Oman,"1",Bank Charge OMN,MCTLLUNZWA,Vend HQ,,Cash Rounding,OM,TABBY,"5009"
236764,Nakhla IT Systems (LLC) Tamara,69011,"73115",AlQurashi-Oman,Vend Oman,Vend Invoice Oman,"1",Bank Charge OMN,MCTLLUNZWA,Vend HQ,,Cash Rounding,OM,TAMARA,"5009"
236765,MAKDNACNTR,87029,"73023",AlQurashi-KSA,Vend,Vend Invoice,"1",Bank Charge,MAKDNACNTR,Vend HQ,,Cash Rounding,SA,NORMAL,"1406"
236766,Hungerstation,45014,"73046",AlQurashi-KSA,Vend,Vend Invoice,"1",Bank Charge,MAKDNACNTR,Vend HQ,,Cash Rounding,SA,HUNGERSTATION,"1406"
236767,Mrsool,45015,"73069",AlQurashi-KSA,Vend,Vend Invoice,"1",Bank Charge,MAKDNACNTR,Vend HQ,,Cash Rounding,SA,MRSOOL,"1406"
236768,Tabby Saudi For communication and IT,50011,"73093",AlQurashi-KSA,Vend,Vend Invoice,"1",Bank Charge,MAKDNACNTR,Vend HQ,,Cash Rounding,SA,TABBY,"1406"
236769,Nakhla IT Systems (LLC) Tamara,69011,"73116",AlQurashi-KSA,Vend,Vend Invoice,"1",Bank Charge,MAKDNACNTR,Vend HQ,,Cash Rounding,SA,TAMARA,"1406"
236770,ABHLVNDAPK,87030,"73024",AlQurashi-KSA,Vend,Vend Invoice,"1",Bank Charge,ABHLVNDAPK,Vend HQ,,Cash Rounding,SA,NORMAL,"505"
236771,Hungerstation,45014,"73047",AlQurashi-KSA,Vend,Vend Invoice,"1",Bank Charge,ABHLVNDAPK,Vend HQ,,Cash Rounding,SA,HUNGERSTATION,"505"
236772,Mrsool,45015,"73070",AlQurashi-KSA,Vend,Vend Invoice,"1",Bank Charge,ABHLVNDAPK,Vend HQ,,Cash Rounding,SA,MRSOOL,"505"
236773,Tabby Saudi For communication and IT,50011,"73094",AlQurashi-KSA,Vend,Vend Invoice,"1",Bank Charge,ABHLVNDAPK,Vend HQ,,Cash Rounding,SA,TABBY,"505"
236774,Nakhla IT Systems (LLC) Tamara,69011,"73117",AlQurashi-KSA,Vend,Vend Invoice,"1",Bank Charge,ABHLVNDAPK,Vend HQ,,Cash Rounding,SA,TAMARA,"505"
236775,MAKMYANYRD,87031,"73025",AlQurashi-KSA,Vend,Vend Invoice,"1",Bank Charge,MAKMYANYRD,Vend HQ,,Cash Rounding,SA,NORMAL,"1407"
236776,Hungerstation,45014,"73048",AlQurashi-KSA,Vend,Vend Invoice,"1",Bank Charge,MAKMYANYRD,Vend HQ,,Cash Rounding,SA,HUNGERSTATION,"1407"
236777,Mrsool,45015,"73071",AlQurashi-KSA,Vend,Vend Invoice,"1",Bank Charge,MAKMYANYRD,Vend HQ,,Cash Rounding,SA,MRSOOL,"1407"
236778,Tabby Saudi For communication and IT,50011,"73095",AlQurashi-KSA,Vend,Vend Invoice,"1",Bank Charge,MAKMYANYRD,Vend HQ,,Cash Rounding,SA,TABBY,"1407"
236779,Nakhla IT Systems (LLC) Tamara,69011,"73118",AlQurashi-KSA,Vend,Vend Invoice,"1",Bank Charge,MAKMYANYRD,Vend HQ,,Cash Rounding,SA,TAMARA,"1407"
236780,MEDDARIMAN,87032,"73026",AlQurashi-KSA,Vend,Vend Invoice,"1",Bank Charge,MEDDARIMAN,Vend HQ,,Cash Rounding,SA,NORMAL,"306"
236781,Hungerstation,45014,"73049",AlQurashi-KSA,Vend,Vend Invoice,"1",Bank Charge,MEDDARIMAN,Vend HQ,,Cash Rounding,SA,HUNGERSTATION,"306"
236782,Mrsool,45015,"73072",AlQurashi-KSA,Vend,Vend Invoice,"1",Bank Charge,MEDDARIMAN,Vend HQ,,Cash Rounding,SA,MRSOOL,"306"
236783,Tabby Saudi For communication and IT,50011,"73096",AlQurashi-KSA,Vend,Vend Invoice,"1",Bank Charge,MEDDARIMAN,Vend HQ,,Cash Rounding,SA,TABBY,"306"
236784,Nakhla IT Systems (LLC) Tamara,69011,"73119",AlQurashi-KSA,Vend,Vend Invoice,"1",Bank Charge,MEDDARIMAN,Vend HQ,,Cash Rounding,SA,TAMARA,"306"
236785,MEDALHIJRA,87033,"73027",AlQurashi-KSA,Vend,Vend Invoice,"1",Bank Charge,MEDALHIJRA,Vend HQ,,Cash Rounding,SA,NORMAL,"309"
236786,Hungerstation,45014,"73050",AlQurashi-KSA,Vend,Vend Invoice,"1",Bank Charge,MEDALHIJRA,Vend HQ,,Cash Rounding,SA,HUNGERSTATION,"309"
236787,Mrsool,45015,"73073",AlQurashi-KSA,Vend,Vend Invoice,"1",Bank Charge,MEDALHIJRA,Vend HQ,,Cash Rounding,SA,MRSOOL,"309"
236788,Tabby Saudi For communication and IT,50011,"73097",AlQurashi-KSA,Vend,Vend Invoice,"1",Bank Charge,MEDALHIJRA,Vend HQ,,Cash Rounding,SA,TABBY,"309"
236789,Nakhla IT Systems (LLC) Tamara,69011,"73120",AlQurashi-KSA,Vend,Vend Invoice,"1",Bank Charge,MEDALHIJRA,Vend HQ,,Cash Rounding,SA,TAMARA,"309"
236790,MEDMVNPICK,87034,"73028",AlQurashi-KSA,Vend,Vend Invoice,"1",Bank Charge,MEDMVNPICK,Vend HQ,,Cash Rounding,SA,NORMAL,"307"
236791,Hungerstation,45014,"73051",AlQurashi-KSA,Vend,Vend Invoice,"1",Bank Charge,MEDMVNPICK,Vend HQ,,Cash Rounding,SA,HUNGERSTATION,"307"
236792,Mrsool,45015,"73074",AlQurashi-KSA,Vend,Vend Invoice,"1",Bank Charge,MEDMVNPICK,Vend HQ,,Cash Rounding,SA,MRSOOL,"307"
236793,Tabby Saudi For communication and IT,50011,"73098",AlQurashi-KSA,Vend,Vend Invoice,"1",Bank Charge,MEDMVNPICK,Vend HQ,,Cash Rounding,SA,TABBY,"307"
236794,Nakhla IT Systems (LLC) Tamara,69011,"73121",AlQurashi-KSA,Vend,Vend Invoice,"1",Bank Charge,MEDMVNPICK,Vend HQ,,Cash Rounding,SA,TAMARA,"307"
236795,RYDALYAPLZ,87035,"73029",AlQurashi-KSA,Vend,Vend Invoice,"1",Bank Charge,RYDALYAPLZ,Vend HQ,,Cash Rounding,SA,NORMAL,"125"
236796,Hungerstation,45014,"73052",AlQurashi-KSA,Vend,Vend Invoice,"1",Bank Charge,RYDALYAPLZ,Vend HQ,,Cash Rounding,SA,HUNGERSTATION,"125"
236797,Mrsool,45015,"73075",AlQurashi-KSA,Vend,Vend Invoice,"1",Bank Charge,RYDALYAPLZ,Vend HQ,,Cash Rounding,SA,MRSOOL,"125"
236798,Tabby Saudi For communication and IT,50011,"73099",AlQurashi-KSA,Vend,Vend Invoice,"1",Bank Charge,RYDALYAPLZ,Vend HQ,,Cash Rounding,SA,TABBY,"125"
236799,Nakhla IT Systems (LLC) Tamara,69011,"73122",AlQurashi-KSA,Vend,Vend Invoice,"1",Bank Charge,RYDALYAPLZ,Vend HQ,,Cash Rounding,SA,TAMARA,"125"
2366835,MUBARKIA,88013,"74003",AlQurashi-Kuwait,Vend Kuwait,Vend Invoice Kuwait,"1",Bank Charge KUW,MUBARKIA,Vend HQ,,Cash Rounding KUW,KW,NORMAL,"7008"
2366836,Hungerstation,45014,"74014",AlQurashi-Kuwait,Vend Kuwait,Vend Invoice Kuwait,"1",Bank Charge KUW,MUBARKIA,Vend HQ,,Cash Rounding KUW,KW,HUNGERSTATION,"7008"
2366837,Mrsool,45015,"74024",AlQurashi-Kuwait,Vend Kuwait,Vend Invoice Kuwait,"1",Bank Charge KUW,MUBARKIA,Vend HQ,,Cash Rounding KUW,KW,MRSOOL,"7008"
2366838,Tabby Saudi For communication and IT,50011,"74034",AlQurashi-Kuwait,Vend Kuwait,Vend Invoice Kuwait,"1",Bank Charge KUW,MUBARKIA,Vend HQ,,Cash Rounding KUW,KW,TABBY,"7008"
2366839,Nakhla IT Systems (LLC) Tamara,69011,"74044",AlQurashi-Kuwait,Vend Kuwait,Vend Invoice Kuwait,"1",Bank Charge KUW,MUBARKIA,Vend HQ,,Cash Rounding KUW,KW,TAMARA,"7008"
2366840,SMARTSHRYD,88015,"74004",AlQurashi-KSA,Vend,Vend Invoice,"1",Bank Charge,SMARTSHRYD,Vend HQ,,Cash Rounding,SA,NORMAL,"1405"
2366841,Hungerstation,45014,"74015",AlQurashi-KSA,Vend,Vend Invoice,"1",Bank Charge,SMARTSHRYD,Vend HQ,,Cash Rounding,SA,HUNGERSTATION,"1405"
2366842,Mrsool,45015,"74025",AlQurashi-KSA,Vend,Vend Invoice,"1",Bank Charge,SMARTSHRYD,Vend HQ,,Cash Rounding,SA,MRSOOL,"1405"
2366843,Tabby Saudi For communication and IT,50011,"74035",AlQurashi-KSA,Vend,Vend Invoice,"1",Bank Charge,SMARTSHRYD,Vend HQ,,Cash Rounding,SA,TABBY,"1405"
2366844,Nakhla IT Systems (LLC) Tamara,69011,"74045",AlQurashi-KSA,Vend,Vend Invoice,"1",Bank Charge,SMARTSHRYD,Vend HQ,,Cash Rounding,SA,TAMARA,"1405"
2366845,HAMDANYA2,88016,"74005",AlQurashi-KSA,Vend,Vend Invoice,"1",Bank Charge,HAMDANYA2,Vend HQ,,Cash Rounding,SA,NORMAL,"1005"
2366846,Hungerstation,45014,"74016",AlQurashi-KSA,Vend,Vend Invoice,"1",Bank Charge,HAMDANYA2,Vend HQ,,Cash Rounding,SA,HUNGERSTATION,"1005"
2366847,Mrsool,45015,"74026",AlQurashi-KSA,Vend,Vend Invoice,"1",Bank Charge,HAMDANYA2,Vend HQ,,Cash Rounding,SA,MRSOOL,"1005"
2366848,Tabby Saudi For communication and IT,50011,"74036",AlQurashi-KSA,Vend,Vend Invoice,"1",Bank Charge,HAMDANYA2,Vend HQ,,Cash Rounding,SA,TABBY,"1005"
2366849,Nakhla IT Systems (LLC) Tamara,69011,"74046",AlQurashi-KSA,Vend,Vend Invoice,"1",Bank Charge,HAMDANYA2,Vend HQ,,Cash Rounding,SA,TAMARA,"1005"
2366850,TAIBAMED,88017,"74007",AlQurashi-KSA,Vend,Vend Invoice,"1",Bank Charge,TAIBAMED,Vend HQ,,Cash Rounding,SA,NORMAL,"1303"
2366851,Hungerstation,45014,"74017",AlQurashi-KSA,Vend,Vend Invoice,"1",Bank Charge,TAIBAMED,Vend HQ,,Cash Rounding,SA,HUNGERSTATION,"1303"
2366852,Mrsool,45015,"74027",AlQurashi-KSA,Vend,Vend Invoice,"1",Bank Charge,TAIBAMED,Vend HQ,,Cash Rounding,SA,MRSOOL,"1303"
2366853,Tabby Saudi For communication and IT,50011,"74037",AlQurashi-KSA,Vend,Vend Invoice,"1",Bank Charge,TAIBAMED,Vend HQ,,Cash Rounding,SA,TABBY,"1303"
2366854,Nakhla IT Systems (LLC) Tamara,69011,"74047",AlQurashi-KSA,Vend,Vend Invoice,"1",Bank Charge,TAIBAMED,Vend HQ,,Cash Rounding,SA,TAMARA,"1303"
2366855,DEERFIELD2,88018,"74008",AlQurashi-UAE,Vend UAE,Vend Invoice UAE,"1",Bank Charge UAE,DEERFIELD2,Vend HQ,,Cash Rounding UAE,AE,NORMAL,"3004"
2366856,Hungerstation,45014,"74018",AlQurashi-UAE,Vend UAE,Vend Invoice UAE,"1",Bank Charge UAE,DEERFIELD2,Vend HQ,,Cash Rounding UAE,AE,HUNGERSTATION,"3004"
2366857,Mrsool,45015,"74028",AlQurashi-UAE,Vend UAE,Vend Invoice UAE,"1",Bank Charge UAE,DEERFIELD2,Vend HQ,,Cash Rounding UAE,AE,MRSOOL,"3004"
2366858,Tabby Saudi For communication and IT,50011,"74038",AlQurashi-UAE,Vend UAE,Vend Invoice UAE,"1",Bank Charge UAE,DEERFIELD2,Vend HQ,,Cash Rounding UAE,AE,TABBY,"3004"
2366859,Nakhla IT Systems (LLC) Tamara,69011,"74048",AlQurashi-UAE,Vend UAE,Vend Invoice UAE,"1",Bank Charge UAE,DEERFIELD2,Vend HQ,,Cash Rounding UAE,AE,TAMARA,"3004"
2366860,ALAQEQRYD,88019,"74009",AlQurashi-KSA,Vend,Vend Invoice,"1",Bank Charge,ALAQEQRYD,Vend HQ,,Cash Rounding,SA,NORMAL,"0123"
2366861,Hungerstation,45014,"74019",AlQurashi-KSA,Vend,Vend Invoice,"1",Bank Charge,ALAQEQRYD,Vend HQ,,Cash Rounding,SA,HUNGERSTATION,"0123"
2366862,Mrsool,45015,"74029",AlQurashi-KSA,Vend,Vend Invoice,"1",Bank Charge,ALAQEQRYD,Vend HQ,,Cash Rounding,SA,MRSOOL,"0123"
2366863,Tabby Saudi For communication and IT,50011,"74039",AlQurashi-KSA,Vend,Vend Invoice,"1",Bank Charge,ALAQEQRYD,Vend HQ,,Cash Rounding,SA,TABBY,"0123"
2366864,Nakhla IT Systems (LLC) Tamara,69011,"74049",AlQurashi-KSA,Vend,Vend Invoice,"1",Bank Charge,ALAQEQRYD,Vend HQ,,Cash Rounding,SA,TAMARA,"0123"
2366865,AZIZIARYD,88020,"74010",AlQurashi-KSA,Vend,Vend Invoice,"1",Bank Charge,AZIZIARYD,Vend HQ,,Cash Rounding,SA,NORMAL,"0124"
2366866,Hungerstation,45014,"74020",AlQurashi-KSA,Vend,Vend Invoice,"1",Bank Charge,AZIZIARYD,Vend HQ,,Cash Rounding,SA,HUNGERSTATION,"0124"
2366867,Mrsool,45015,"74030",AlQurashi-KSA,Vend,Vend Invoice,"1",Bank Charge,AZIZIARYD,Vend HQ,,Cash Rounding,SA,MRSOOL,"0124"
2366868,Tabby Saudi For communication and IT,50011,"74040",AlQurashi-KSA,Vend,Vend Invoice,"1",Bank Charge,AZIZIARYD,Vend HQ,,Cash Rounding,SA,TABBY,"0124"
2366869,Nakhla IT Systems (LLC) Tamara,69011,"74050",AlQurashi-KSA,Vend,Vend Invoice,"1",Bank Charge,AZIZIARYD,Vend HQ,,Cash Rounding,SA,TAMARA,"0124"
2366870,THEGATERYD,88021,"74011",AlQurashi-KSA,Vend,Vend Invoice,"1",Bank Charge,THEGATERYD,Vend HQ,,Cash Rounding,SA,NORMAL,"1004"
2366871,Hungerstation,45014,"74021",AlQurashi-KSA,Vend,Vend Invoice,"1",Bank Charge,THEGATERYD,Vend HQ,,Cash Rounding,SA,HUNGERSTATION,"1004"
2366872,Mrsool,45015,"74031",AlQurashi-KSA,Vend,Vend Invoice,"1",Bank Charge,THEGATERYD,Vend HQ,,Cash Rounding,SA,MRSOOL,"1004"
2366873,Tabby Saudi For communication and IT,50011,"74041",AlQurashi-KSA,Vend,Vend Invoice,"1",Bank Charge,THEGATERYD,Vend HQ,,Cash Rounding,SA,TABBY,"1004"
2366874,Nakhla IT Systems (LLC) Tamara,69011,"74051",AlQurashi-KSA,Vend,Vend Invoice,"1",Bank Charge,THEGATERYD,Vend HQ,,Cash Rounding,SA,TAMARA,"1004"
2366875,ALMALGARYD,88022,"74012",AlQurashi-KSA,Vend,Vend Invoice,"1",Bank Charge,ALMALGARYD,Vend HQ,,Cash Rounding,SA,NORMAL,"1003"
2366876,Hungerstation,45014,"74022",AlQurashi-KSA,Vend,Vend Invoice,"1",Bank Charge,ALMALGARYD,Vend HQ,,Cash Rounding,SA,HUNGERSTATION,"1003"
2366877,Mrsool,45015,"74032",AlQurashi-KSA,Vend,Vend Invoice,"1",Bank Charge,ALMALGARYD,Vend HQ,,Cash Rounding,SA,MRSOOL,"1003"
2366878,Tabby Saudi For communication and IT,50011,"74042",AlQurashi-KSA,Vend,Vend Invoice,"1",Bank Charge,ALMALGARYD,Vend HQ,,Cash Rounding,SA,TABBY,"1003"
2366879,Nakhla IT Systems (LLC) Tamara,69011,"74052",AlQurashi-KSA,Vend,Vend Invoice,"1",Bank Charge,ALMALGARYD,Vend HQ,,Cash Rounding,SA,TAMARA,"1003"
2366880,MEDTHEGATE,88023,"74013",AlQurashi-KSA,Vend,Vend Invoice,"1",Bank Charge,MEDTHEGATE,Vend HQ,,Cash Rounding,SA,NORMAL,"0221"
2366881,Hungerstation,45014,"74023",AlQurashi-KSA,Vend,Vend Invoice,"1",Bank Charge,MEDTHEGATE,Vend HQ,,Cash Rounding,SA,HUNGERSTATION,"0221"
2366882,Mrsool,45015,"74033",AlQurashi-KSA,Vend,Vend Invoice,"1",Bank Charge,MEDTHEGATE,Vend HQ,,Cash Rounding,SA,MRSOOL,"0221"
2366883,Tabby Saudi For communication and IT,50011,"74043",AlQurashi-KSA,Vend,Vend Invoice,"1",Bank Charge,MEDTHEGATE,Vend HQ,,Cash Rounding,SA,TABBY,"0221"
2366884,Nakhla IT Systems (LLC) Tamara,69011,"74053",AlQurashi-KSA,Vend,Vend Invoice,"1",Bank Charge,MEDTHEGATE,Vend HQ,,Cash Rounding,SA,TAMARA,"0221"
1681,Tabby Saudi For communication and IT,50011,"52016",AlQurashi-KSA,Vend,Vend Invoice,"1",Bank Charge,GRMALLHAIL,Vend HQ,,Cash Rounding,SA,TABBY,"0113"
2682,Nakhla IT Systems (LLC) Tamara,69011,"52041",AlQurashi-KSA,Vend,Vend Invoice,"1",Bank Charge,GRMALLHAIL,Vend HQ,,Cash Rounding,SA,TAMARA,"0113"
2367251,MAKABRAJ1,87036,"73030",AlQurashi-KSA,Vend,Vend Invoice,"1",Bank Charge,MAKABRAJ1,Vend HQ,,Cash Rounding,SA,NORMAL,"1403"
2367261,Hungerstation,45014,"73053",AlQurashi-KSA,Vend,Vend Invoice,"1",Bank Charge,MAKABRAJ1,Vend HQ,,Cash Rounding,SA,HUNGERSTATION,"1403"
2367271,Mrsool,45015,"73076",AlQurashi-KSA,Vend,Vend Invoice,"1",Bank Charge,MAKABRAJ1,Vend HQ,,Cash Rounding,SA,MRSOOL,"1403"
2367281,Tabby Saudi For communication and IT,50011,"73100",AlQurashi-KSA,Vend,Vend Invoice,"1",Bank Charge,MAKABRAJ1,Vend HQ,,Cash Rounding,SA,TABBY,"1403"
2367291,Nakhla IT Systems (LLC) Tamara,69011,"73123",AlQurashi-KSA,Vend,Vend Invoice,"1",Bank Charge,MAKABRAJ1,Vend HQ,,Cash Rounding,SA,TAMARA,"1403"
2671,Nakhla IT Systems (LLC) Tamara,69011,"52033",AlQurashi-KSA,Vend,Vend Invoice,"1",Bank Charge,MAKTOWER,Vend HQ,,Cash Rounding,SA,TAMARA,"1402"
136681,PANORAMA,77011,"59003",AlQurashi-KSA,Vend,Vend Invoice,"1",Bank Charge,PANORAMA,Vend HQ,,Cash Rounding,SA,NORMAL,"1013"
236681,Hungerstation,45014,"64003",AlQurashi-KSA,Vend,Vend Invoice,"1",Bank Charge,PANORAMA,Vend HQ,,Cash Rounding,SA,HUNGERSTATION,"1013"
156681,Tabby Saudi For communication and IT,50011,"64004",AlQurashi-KSA,Vend,Vend Invoice,"1",Bank Charge,PANORAMA,Vend HQ,,Cash Rounding,SA,TABBY,"1013"
166681,Nakhla IT Systems (LLC) Tamara,69011,"64005",AlQurashi-KSA,Vend,Vend Invoice,"1",Bank Charge,PANORAMA,Vend HQ,,Cash Rounding,SA,TAMARA,"1013"
176011,Mrsool,45015,"64006",AlQurashi-KSA,Vend,Vend Invoice,"1",Bank Charge,PANORAMA,Vend HQ,,Cash Rounding,SA,MRSOOL,"1013"
136682,HIJABMALL,81011,"67003",AlQurashi-KSA,Vend,Vend Invoice,"1",Bank Charge,HIJABMALL,Vend HQ,,Cash Rounding,SA,NORMAL,"1013"
236682,Hungerstation,45014,"67007",AlQurashi-KSA,Vend,Vend Invoice,"1",Bank Charge,HIJABMALL,Vend HQ,,Cash Rounding,SA,HUNGERSTATION,"1013"
156682,Tabby Saudi For communication and IT,50011,"67009",AlQurashi-KSA,Vend,Vend Invoice,"1",Bank Charge,HIJABMALL,Vend HQ,,Cash Rounding,SA,TABBY,"1013"
166682,Nakhla IT Systems (LLC) Tamara,69011,"67011",AlQurashi-KSA,Vend,Vend Invoice,"1",Bank Charge,HIJABMALL,Vend HQ,,Cash Rounding,SA,TAMARA,"1013"
176012,Mrsool,45015,"67013",AlQurashi-KSA,Vend,Vend Invoice,"1",Bank Charge,HIJABMALL,Vend HQ,,Cash Rounding,SA,MRSOOL,"1013"
136683,HILTONMAK,81012,"67005",AlQurashi-KSA,Vend,Vend Invoice,"1",Bank Charge,HILTONMAK,Vend HQ,,Cash Rounding,SA,NORMAL,"1013"
236683,Hungerstation,45014,"67008",AlQurashi-KSA,Vend,Vend Invoice,"1",Bank Charge,HILTONMAK,Vend HQ,,Cash Rounding,SA,HUNGERSTATION,"1013"
156683,Tabby Saudi For communication and IT,50011,"67010",AlQurashi-KSA,Vend,Vend Invoice,"1",Bank Charge,HILTONMAK,Vend HQ,,Cash Rounding,SA,TABBY,"1013"
166683,Nakhla IT Systems (LLC) Tamara,69011,"67012",AlQurashi-KSA,Vend,Vend Invoice,"1",Bank Charge,HILTONMAK,Vend HQ,,Cash Rounding,SA,TAMARA,"1013"
176013,Mrsool,45015,"67014",AlQurashi-KSA,Vend,Vend Invoice,"1",Bank Charge,HILTONMAK,Vend HQ,,Cash Rounding,SA,MRSOOL,"1013"
236685,KHMSAVENUE,87012,"73003",AlQurashi-KSA,Vend,Vend Invoice,"1",Bank Charge,KHMSAVENUE,Vend HQ,,Cash Rounding,SA,NORMAL,"503"
236686,Hungerstation,45014,"73004",AlQurashi-KSA,Vend,Vend Invoice,"1",Bank Charge,KHMSAVENUE,Vend HQ,,Cash Rounding,SA,HUNGERSTATION,"503"
236687,Mrsool,45015,"73005",AlQurashi-KSA,Vend,Vend Invoice,"1",Bank Charge,KHMSAVENUE,Vend HQ,,Cash Rounding,SA,MRSOOL,"503"
236688,Tabby Saudi For communication and IT,50011,"73006",AlQurashi-KSA,Vend,Vend Invoice,"1",Bank Charge,KHMSAVENUE,Vend HQ,,Cash Rounding,SA,TABBY,"503"
236689,Nakhla IT Systems (LLC) Tamara,69011,"73007",AlQurashi-KSA,Vend,Vend Invoice,"1",Bank Charge,KHMSAVENUE,Vend HQ,,Cash Rounding,SA,TAMARA,"503"
236690,MAKSHOUQ,87013,"73008",AlQurashi-KSA,Vend,Vend Invoice,"1",Bank Charge,MAKSHOUQ,Vend HQ,,Cash Rounding,SA,NORMAL,"1405"
236691,Hungerstation,45014,"73031",AlQurashi-KSA,Vend,Vend Invoice,"1",Bank Charge,MAKSHOUQ,Vend HQ,,Cash Rounding,SA,HUNGERSTATION,"1405"
236692,Mrsool,45015,"73054",AlQurashi-KSA,Vend,Vend Invoice,"1",Bank Charge,MAKSHOUQ,Vend HQ,,Cash Rounding,SA,MRSOOL,"1405"
236693,Tabby Saudi For communication and IT,50011,"73077",AlQurashi-KSA,Vend,Vend Invoice,"1",Bank Charge,MAKSHOUQ,Vend HQ,,Cash Rounding,SA,TABBY,"1405"
236694,Nakhla IT Systems (LLC) Tamara,69011,"73101",AlQurashi-KSA,Vend,Vend Invoice,"1",Bank Charge,MAKSHOUQ,Vend HQ,,Cash Rounding,SA,TAMARA,"1405"
236695,TAIFSHARST,87014,"73009",AlQurashi-KSA,Vend,Vend Invoice,"1",Bank Charge,TAIFSHARST,Vend HQ,,Cash Rounding,SA,NORMAL,"1005"
236696,Hungerstation,45014,"73032",AlQurashi-KSA,Vend,Vend Invoice,"1",Bank Charge,TAIFSHARST,Vend HQ,,Cash Rounding,SA,HUNGERSTATION,"1005"
236697,Mrsool,45015,"73055",AlQurashi-KSA,Vend,Vend Invoice,"1",Bank Charge,TAIFSHARST,Vend HQ,,Cash Rounding,SA,MRSOOL,"1005"
236698,Tabby Saudi For communication and IT,50011,"73078",AlQurashi-KSA,Vend,Vend Invoice,"1",Bank Charge,TAIFSHARST,Vend HQ,,Cash Rounding,SA,TABBY,"1005"
236699,Nakhla IT Systems (LLC) Tamara,69011,"73102",AlQurashi-KSA,Vend,Vend Invoice,"1",Bank Charge,TAIFSHARST,Vend HQ,,Cash Rounding,SA,TAMARA,"1005"
236700,NAJMELAGRO,87016,"73010",AlQurashi-KSA,Vend,Vend Invoice,"1",Bank Charge,NAJMELAGRO,Vend HQ,,Cash Rounding,SA,NORMAL,"1303"
236701,Hungerstation,45014,"73033",AlQurashi-KSA,Vend,Vend Invoice,"1",Bank Charge,NAJMELAGRO,Vend HQ,,Cash Rounding,SA,HUNGERSTATION,"1303"
236702,Mrsool,45015,"73056",AlQurashi-KSA,Vend,Vend Invoice,"1",Bank Charge,NAJMELAGRO,Vend HQ,,Cash Rounding,SA,MRSOOL,"1303"
236703,Tabby Saudi For communication and IT,50011,"73079",AlQurashi-KSA,Vend,Vend Invoice,"1",Bank Charge,NAJMELAGRO,Vend HQ,,Cash Rounding,SA,TABBY,"1303"
236704,Nakhla IT Systems (LLC) Tamara,69011,"73103",AlQurashi-KSA,Vend,Vend Invoice,"1",Bank Charge,NAJMELAGRO,Vend HQ,,Cash Rounding,SA,TAMARA,"1303"
236705,JEDNRTHWLK,87017,"73011",AlQurashi-KSA,Vend,Vend Invoice,"1",Bank Charge,JEDNRTHWLK,Vend HQ,,Cash Rounding,SA,NORMAL,"220"
236706,Hungerstation,45014,"73034",AlQurashi-KSA,Vend,Vend Invoice,"1",Bank Charge,JEDNRTHWLK,Vend HQ,,Cash Rounding,SA,HUNGERSTATION,"220"
236707,Mrsool,45015,"73057",AlQurashi-KSA,Vend,Vend Invoice,"1",Bank Charge,JEDNRTHWLK,Vend HQ,,Cash Rounding,SA,MRSOOL,"220"
236708,Tabby Saudi For communication and IT,50011,"73080",AlQurashi-KSA,Vend,Vend Invoice,"1",Bank Charge,JEDNRTHWLK,Vend HQ,,Cash Rounding,SA,TABBY,"220"
236709,Nakhla IT Systems (LLC) Tamara,69011,"73104",AlQurashi-KSA,Vend,Vend Invoice,"1",Bank Charge,JEDNRTHWLK,Vend HQ,,Cash Rounding,SA,TAMARA,"220"
236710,RYDANUDPRK,87018,"73012",AlQurashi-KSA,Vend,Vend Invoice,"1",Bank Charge,RYDANUDPRK,Vend HQ,,Cash Rounding,SA,NORMAL,"123"
236711,Hungerstation,45014,"73035",AlQurashi-KSA,Vend,Vend Invoice,"1",Bank Charge,RYDANUDPRK,Vend HQ,,Cash Rounding,SA,HUNGERSTATION,"123"
236712,Mrsool,45015,"73058",AlQurashi-KSA,Vend,Vend Invoice,"1",Bank Charge,RYDANUDPRK,Vend HQ,,Cash Rounding,SA,MRSOOL,"123"
236713,Tabby Saudi For communication and IT,50011,"73081",AlQurashi-KSA,Vend,Vend Invoice,"1",Bank Charge,RYDANUDPRK,Vend HQ,,Cash Rounding,SA,TABBY,"123"
236714,Nakhla IT Systems (LLC) Tamara,69011,"73105",AlQurashi-KSA,Vend,Vend Invoice,"1",Bank Charge,RYDANUDPRK,Vend HQ,,Cash Rounding,SA,TAMARA,"123"
236715,KHRJHEDITY,87019,"73013",AlQurashi-KSA,Vend,Vend Invoice,"1",Bank Charge,KHRJHEDITY,Vend HQ,,Cash Rounding,SA,NORMAL,"124"
236716,Hungerstation,45014,"73036",AlQurashi-KSA,Vend,Vend Invoice,"1",Bank Charge,KHRJHEDITY,Vend HQ,,Cash Rounding,SA,HUNGERSTATION,"124"
236717,Mrsool,45015,"73059",AlQurashi-KSA,Vend,Vend Invoice,"1",Bank Charge,KHRJHEDITY,Vend HQ,,Cash Rounding,SA,MRSOOL,"124"
236718,Tabby Saudi For communication and IT,50011,"73082",AlQurashi-KSA,Vend,Vend Invoice,"1",Bank Charge,KHRJHEDITY,Vend HQ,,Cash Rounding,SA,TABBY,"124"
236719,Nakhla IT Systems (LLC) Tamara,69011,"73106",AlQurashi-KSA,Vend,Vend Invoice,"1",Bank Charge,KHRJHEDITY,Vend HQ,,Cash Rounding,SA,TAMARA,"124"
236720,QUNKYLPLZA,87020,"73014",AlQurashi-KSA,Vend,Vend Invoice,"1",Bank Charge,QUNKYLPLZA,Vend HQ,,Cash Rounding,SA,NORMAL,"1004"
236721,Hungerstation,45014,"73037",AlQurashi-KSA,Vend,Vend Invoice,"1",Bank Charge,QUNKYLPLZA,Vend HQ,,Cash Rounding,SA,HUNGERSTATION,"1004"
671,Hungerstation,45014,"31086",AlQurashi-KSA,Vend,Vend Invoice,"1",Bank Charge,MAKTOWER,Vend HQ,,Cash Rounding,SA,HUNGERSTATION,"1402"
672,Yas Mall,55015,"39007",AlQurashi-UAE,Vend UAE,Vend Invoice UAE,"1",Bank Charge UAE,YASKIOSK,Vend HQ,,Cash Rounding UAE,AE,NORMAL,"3003"
673,Mrsool,45015,"31093",AlQurashi-KSA,Vend,Vend Invoice,"1",Bank Charge,ONAIZAH,Vend HQ,,Cash Rounding,SA,MRSOOL,"1102"
674,Hungerstation,45014,"31074",AlQurashi-KSA,Vend,Vend Invoice,"1",Bank Charge,ONAIZAH,Vend HQ,,Cash Rounding,SA,HUNGERSTATION,"1102"
675,Onaizah Store,55013,"39005",AlQurashi-KSA,Vend,Vend Invoice,"1",Bank Charge,ONAIZAH,Vend HQ,,Cash Rounding,SA,NORMAL,"1102"
676,Mrsool,45015,"31093",AlQurashi-KSA,Vend,Vend Invoice,"1",Bank Charge,EXBSA,Vend HQ,,Cash Rounding,SA,MRSOOL,"0113"
4717,"Tabby Saudi For communication and IT
",50011,"56008",AlQurashi-Kuwait,Vend Kuwait,Vend Invoice Kuwait,"1",Bank Charge KUW,ALKOUTMALL,Vend HQ,,Cash Rounding KUW,KW,TABBY,"7005"
5717,"Nakhla IT Systems (LLC) Tamara
",69011,"56010",AlQurashi-Kuwait,Vend Kuwait,Vend Invoice Kuwait,"1",Bank Charge KUW,ALKOUTMALL,Vend HQ,,Cash Rounding KUW,KW,TAMARA,"7005"
3717,ALKOUTMALL,72011,"55003",AlQurashi-Kuwait,Vend Kuwait,Vend Invoice Kuwait,"1",Bank Charge KUW,ALKOUTMALL,Vend HQ,,Cash Rounding KUW,KW,NORMAL,"7005"
8717,GATEMALL,72013,"55006",AlQurashi-Kuwait,Vend Kuwait,Vend Invoice Kuwait,"1",Bank Charge KUW,GATEMALL,Vend HQ,,Cash Rounding KUW,KW,NORMAL,"7006"
6717,"Tabby Saudi For communication and IT
",50011,"56009",AlQurashi-Kuwait,Vend Kuwait,Vend Invoice Kuwait,"1",Bank Charge KUW,GATEMALL,Vend HQ,,Cash Rounding KUW,KW,TABBY,"7006"
7717,"Nakhla IT Systems (LLC) Tamara
",69011,"56011",AlQurashi-Kuwait,Vend Kuwait,Vend Invoice Kuwait,"1",Bank Charge KUW,GATEMALL,Vend HQ,,Cash Rounding KUW,KW,TAMARA,"7006"
1679,SALALAH,72012,"55004",AlQurashi-Oman,Vend Oman,Vend Invoice Oman,"1",Bank Charge OMN,SALALAH,Vend HQ,,Cash Rounding OMN,OM,NORMAL,
3668,AJAWEED,72015,"55007",AlQurashi-KSA,Vend,Vend Invoice,"1",Bank Charge,AJAWEED,Vend HQ,,Cash Rounding,SA,NORMAL,"0216"
4614,Hungerstation,45014,"56019",AlQurashi-KSA,Vend,Vend Invoice,"1",Bank Charge,AJAWEED,Vend HQ,,Cash Rounding,SA,HUNGERSTATION,"0216"
5668,Tabby Saudi For communication and IT,50011,"56003",AlQurashi-KSA,Vend,Vend Invoice,"1",Bank Charge,AJAWEED,Vend HQ,,Cash Rounding,SA,TABBY,"0216"
6668,Nakhla IT Systems (LLC) Tamara,69011,"56012",AlQurashi-KSA,Vend,Vend Invoice,"1",Bank Charge,AJAWEED,Vend HQ,,Cash Rounding,SA,TAMARA,"0216"
7601,Mrsool,45015,"56026",AlQurashi-KSA,Vend,Vend Invoice,"1",Bank Charge,AJAWEED,Vend HQ,,Cash Rounding,SA,MRSOOL,"0216"
8668,RYDAVENUE,72016,"55008",AlQurashi-KSA,Vend,Vend Invoice,"1",Bank Charge,RYDAVENUE,Vend HQ,,Cash Rounding,SA,NORMAL,"0116"
9614,Hungerstation,45014,"56020",AlQurashi-KSA,Vend,Vend Invoice,"1",Bank Charge,RYDAVENUE,Vend HQ,,Cash Rounding,SA,HUNGERSTATION,"0116"
10668,Tabby Saudi For communication and IT,50011,"56004",AlQurashi-KSA,Vend,Vend Invoice,"1",Bank Charge,RYDAVENUE,Vend HQ,,Cash Rounding,SA,TABBY,"0116"
11668,Nakhla IT Systems (LLC) Tamara,69011,"56013",AlQurashi-KSA,Vend,Vend Invoice,"1",Bank Charge,RYDAVENUE,Vend HQ,,Cash Rounding,SA,TAMARA,"0116"
12601,Mrsool,45015,"56027",AlQurashi-KSA,Vend,Vend Invoice,"1",Bank Charge,RYDAVENUE,Vend HQ,,Cash Rounding,SA,MRSOOL,"0116"
13668,RYDPARK,72017,"55009",AlQurashi-KSA,Vend,Vend Invoice,"1",Bank Charge,RYDPARK,Vend HQ,,Cash Rounding,SA,NORMAL,"0117"
14614,Hungerstation,45014,"56021",AlQurashi-KSA,Vend,Vend Invoice,"1",Bank Charge,RYDPARK,Vend HQ,,Cash Rounding,SA,HUNGERSTATION,"0117"
15668,Tabby Saudi For communication and IT,50011,"56005",AlQurashi-KSA,Vend,Vend Invoice,"1",Bank Charge,RYDPARK,Vend HQ,,Cash Rounding,SA,TABBY,"0117"
16668,Nakhla IT Systems (LLC) Tamara,69011,"56014",AlQurashi-KSA,Vend,Vend Invoice,"1",Bank Charge,RYDPARK,Vend HQ,,Cash Rounding,SA,TAMARA,"0117"
17601,Mrsool,45015,"56028",AlQurashi-KSA,Vend,Vend Invoice,"1",Bank Charge,RYDPARK,Vend HQ,,Cash Rounding,SA,MRSOOL,"0117"
18668,OBHURMALL,72018,"55010",AlQurashi-KSA,Vend,Vend Invoice,"1",Bank Charge,OBHURMALL,Vend HQ,,Cash Rounding,SA,NORMAL,"0217"
19614,Hungerstation,45014,"56022",AlQurashi-KSA,Vend,Vend Invoice,"1",Bank Charge,OBHURMALL,Vend HQ,,Cash Rounding,SA,HUNGERSTATION,"0217"
20668,Tabby Saudi For communication and IT,50011,"56006",AlQurashi-KSA,Vend,Vend Invoice,"1",Bank Charge,OBHURMALL,Vend HQ,,Cash Rounding,SA,TABBY,"0217"
21668,Nakhla IT Systems (LLC) Tamara,69011,"56015",AlQurashi-KSA,Vend,Vend Invoice,"1",Bank Charge,OBHURMALL,Vend HQ,,Cash Rounding,SA,TAMARA,"0217"
22601,Mrsool,45015,"56029",AlQurashi-KSA,Vend,Vend Invoice,"1",Bank Charge,OBHURMALL,Vend HQ,,Cash Rounding,SA,MRSOOL,"0217"
23668,HAMDANIIYA,72019,"55011",AlQurashi-KSA,Vend,Vend Invoice,"1",Bank Charge,HAMDANIIYA,Vend HQ,,Cash Rounding,SA,NORMAL,"0218"
24614,Hungerstation,45014,"56023",AlQurashi-KSA,Vend,Vend Invoice,"1",Bank Charge,HAMDANIIYA,Vend HQ,,Cash Rounding,SA,HUNGERSTATION,"0218"
25668,Tabby Saudi For communication and IT,50011,"56007",AlQurashi-KSA,Vend,Vend Invoice,"1",Bank Charge,HAMDANIIYA,Vend HQ,,Cash Rounding,SA,TABBY,"0218"
26668,Nakhla IT Systems (LLC) Tamara,69011,"56016",AlQurashi-KSA,Vend,Vend Invoice,"1",Bank Charge,HAMDANIIYA,Vend HQ,,Cash Rounding,SA,TAMARA,"0218"
27601,Mrsool,45015,"56030",AlQurashi-KSA,Vend,Vend Invoice,"1",Bank Charge,HAMDANIIYA,Vend HQ,,Cash Rounding,SA,MRSOOL,"0218"
1366833,RIYADHDST,83017,"69003",AlQurashi-KSA,Vend,Vend Invoice,"1",Bank Charge,RIYADHDST,Vend HQ,,Cash Rounding,SA,NORMAL,"0122"
2366833,Hungerstation,45014,"69005",AlQurashi-KSA,Vend,Vend Invoice,"1",Bank Charge,RIYADHDST,Vend HQ,,Cash Rounding,SA,HUNGERSTATION,"0122"
1566833,Tabby Saudi For communication and IT,50011,"69007",AlQurashi-KSA,Vend,Vend Invoice,"1",Bank Charge,RIYADHDST,Vend HQ,,Cash Rounding,SA,TABBY,"0122"
1666833,Nakhla IT Systems (LLC) Tamara,69011,"69009",AlQurashi-KSA,Vend,Vend Invoice,"1",Bank Charge,RIYADHDST,Vend HQ,,Cash Rounding,SA,TAMARA,"0122"
1760133,Mrsool,45015,"69011",AlQurashi-KSA,Vend,Vend Invoice,"1",Bank Charge,RIYADHDST,Vend HQ,,Cash Rounding,SA,MRSOOL,"0122"
1366834,RYDSHIFA,83018,"69004",AlQurashi-KSA,Vend,Vend Invoice,"1",Bank Charge,RYDSHIFA,Vend HQ,,Cash Rounding,SA,NORMAL,"0121"
2366834,Hungerstation,45014,"69006",AlQurashi-KSA,Vend,Vend Invoice,"1",Bank Charge,RYDSHIFA,Vend HQ,,Cash Rounding,SA,HUNGERSTATION,"0121"
1566834,Tabby Saudi For communication and IT,50011,"69008",AlQurashi-KSA,Vend,Vend Invoice,"1",Bank Charge,RYDSHIFA,Vend HQ,,Cash Rounding,SA,TABBY,"0121"
1666834,Nakhla IT Systems (LLC) Tamara,69011,"69010",AlQurashi-KSA,Vend,Vend Invoice,"1",Bank Charge,RYDSHIFA,Vend HQ,,Cash Rounding,SA,TAMARA,"0121"
1760134,Mrsool,45015,"69012",AlQurashi-KSA,Vend,Vend Invoice,"1",Bank Charge,RYDSHIFA,Vend HQ,,Cash Rounding,SA,MRSOOL,"0121"
1366835,JAHARKWT,84020,"70006",AlQurashi-Kuwait,Vend Kuwait,Vend Invoice Kuwait,"1",Bank Charge KUW,JAHARKWT,Vend HQ,,Cash Rounding KUW,KW,NORMAL,"0121"
236722,Mrsool,45015,"73060",AlQurashi-KSA,Vend,Vend Invoice,"1",Bank Charge,QUNKYLPLZA,Vend HQ,,Cash Rounding,SA,MRSOOL,"1004"
236723,Tabby Saudi For communication and IT,50011,"73083",AlQurashi-KSA,Vend,Vend Invoice,"1",Bank Charge,QUNKYLPLZA,Vend HQ,,Cash Rounding,SA,TABBY,"1004"
236724,Nakhla IT Systems (LLC) Tamara,69011,"73107",AlQurashi-KSA,Vend,Vend Invoice,"1",Bank Charge,QUNKYLPLZA,Vend HQ,,Cash Rounding,SA,TAMARA,"1004"
236725,ALBAHAMAL,87021,"73015",AlQurashi-KSA,Vend,Vend Invoice,"1",Bank Charge,ALBAHAMAL,Vend HQ,,Cash Rounding,SA,NORMAL,"1003"
236726,Hungerstation,45014,"73038",AlQurashi-KSA,Vend,Vend Invoice,"1",Bank Charge,ALBAHAMAL,Vend HQ,,Cash Rounding,SA,HUNGERSTATION,"1003"
236727,Mrsool,45015,"73061",AlQurashi-KSA,Vend,Vend Invoice,"1",Bank Charge,ALBAHAMAL,Vend HQ,,Cash Rounding,SA,MRSOOL,"1003"
236728,Tabby Saudi For communication and IT,50011,"73084",AlQurashi-KSA,Vend,Vend Invoice,"1",Bank Charge,ALBAHAMAL,Vend HQ,,Cash Rounding,SA,TABBY,"1003"
236729,Nakhla IT Systems (LLC) Tamara,69011,"73108",AlQurashi-KSA,Vend,Vend Invoice,"1",Bank Charge,ALBAHAMAL,Vend HQ,,Cash Rounding,SA,TAMARA,"1003"
236730,JEDCORNCH1,87022,"73016",AlQurashi-KSA,Vend,Vend Invoice,"1",Bank Charge,JEDCORNCH1,Vend HQ,,Cash Rounding,SA,NORMAL,"221"
1562,"Tabby Saudi For communication and IT
",50011,"54007",AlQurashi-Kuwait,Vend Kuwait,Vend Invoice Kuwait,"1",Bank Charge KUW,Avenues,Vend HQ,,Cash Rounding KUW,KW,TABBY,"7001"
2562,"Nakhla IT Systems (LLC) Tamara
",69011,"54003",AlQurashi-Kuwait,Vend Kuwait,Vend Invoice Kuwait,"1",Bank Charge KUW,Avenues,Vend HQ,,Cash Rounding KUW,KW,TAMARA,"7001"
1636,"Tabby Saudi For communication and IT
",50011,"54008",AlQurashi-Kuwait,Vend Kuwait,Vend Invoice Kuwait,"1",Bank Charge KUW,Hall 8,Vend HQ,,Cash Rounding KUW,KW,TABBY,"7002"
2636,"Nakhla IT Systems (LLC) Tamara
",69011,"54004",AlQurashi-Kuwait,Vend Kuwait,Vend Invoice Kuwait,"1",Bank Charge KUW,Hall 8,Vend HQ,,Cash Rounding KUW,KW,TAMARA,"7002"
1637,"Tabby Saudi For communication and IT
",50011,"54009",AlQurashi-Kuwait,Vend Kuwait,Vend Invoice Kuwait,"1",Bank Charge KUW,Hall 4,Vend HQ,,Cash Rounding KUW,KW,TABBY,"7003"
2637,"Nakhla IT Systems (LLC) Tamara
",69011,"54005",AlQurashi-Kuwait,Vend Kuwait,Vend Invoice Kuwait,"1",Bank Charge KUW,Hall 4,Vend HQ,,Cash Rounding KUW,KW,TAMARA,"7003"
1717,"Tabby Saudi For communication and IT
",50011,"54010",AlQurashi-Kuwait,Vend Kuwait,Vend Invoice Kuwait,"1",Bank Charge KUW,AVENUKIOSK,Vend HQ,,Cash Rounding KUW,KW,TABBY,"7004"
2717,"Nakhla IT Systems (LLC) Tamara
",69011,"54006",AlQurashi-Kuwait,Vend Kuwait,Vend Invoice Kuwait,"1",Bank Charge KUW,AVENUKIOSK,Vend HQ,,Cash Rounding KUW,KW,TAMARA,"7004"
1680,Tabby Saudi For communication and IT,50011,"54014",AlQurashi-UAE,Vend UAE,Vend Invoice UAE,"1",Bank Charge UAE,FUJAIRAHCC,Vend HQ,,Cash Rounding UAE,AE,TABBY,"3402"
2680,Nakhla IT Systems (LLC) Tamara,69011,"54027",AlQurashi-UAE,Vend UAE,Vend Invoice UAE,"1",Bank Charge UAE,FUJAIRAHCC,Vend HQ,,Cash Rounding UAE,AE,TAMARA,"3402"
1716,Tabby Saudi For communication and IT,50011,"54015",AlQurashi-UAE,Vend UAE,Vend Invoice UAE,"1",Bank Charge UAE,MIRDIFFCC,Vend HQ,,Cash Rounding UAE,AE,TABBY,"3104"
2716,Nakhla IT Systems (LLC) Tamara,69011,"54028",AlQurashi-UAE,Vend UAE,Vend Invoice UAE,"1",Bank Charge UAE,MIRDIFFCC,Vend HQ,,Cash Rounding UAE,AE,TAMARA,"3104"
1564,Tabby Saudi For communication and IT,50011,"54011",AlQurashi-UAE,Vend UAE,Vend Invoice UAE,"1",Bank Charge UAE,ZAHIA,Vend HQ,,Cash Rounding UAE,AE,TABBY,"3202"
2564,Nakhla IT Systems (LLC) Tamara,69011,"17001",AlQurashi-UAE,Vend UAE,Vend Invoice UAE,"1",Bank Charge UAE,ZAHIA,Vend HQ,,Cash Rounding UAE,AE,TAMARA,"3202"
1639,Tabby Saudi For communication and IT,50011,"54012",AlQurashi-UAE,Vend UAE,Vend Invoice UAE,"1",Bank Charge UAE,DUBMAL,Vend HQ,,Cash Rounding UAE,AE,TABBY,"3101"
2639,Nakhla IT Systems (LLC) Tamara,69011,"54025",AlQurashi-UAE,Vend UAE,Vend Invoice UAE,"1",Bank Charge UAE,DUBMAL,Vend HQ,,Cash Rounding UAE,AE,TAMARA,"3101"
1641,Tabby Saudi For communication and IT,50011,"61003",AlQurashi-UAE,Vend UAE,Vend Invoice UAE,"1",Bank Charge UAE,CITYWALK,Vend HQ,,Cash Rounding UAE,AE,TABBY,"3101"
2641,Nakhla IT Systems (LLC) Tamara,69011,"54032",AlQurashi-UAE,Vend UAE,Vend Invoice UAE,"1",Bank Charge UAE,CITYWALK,Vend HQ,,Cash Rounding UAE,AE,TAMARA,"3101"
1642,Tabby Saudi For communication and IT,50011,"54019",AlQurashi-UAE,Vend UAE,Vend Invoice UAE,"1",Bank Charge UAE,MARSASEEF,Vend HQ,,Cash Rounding UAE,AE,TABBY,"3003"
2642,Nakhla IT Systems (LLC) Tamara,69011,"54033",AlQurashi-UAE,Vend UAE,Vend Invoice UAE,"1",Bank Charge UAE,MARSASEEF,Vend HQ,,Cash Rounding UAE,AE,TAMARA,"3003"
1656,Tabby Saudi For communication and IT,50011,"54020",AlQurashi-UAE,Vend UAE,Vend Invoice UAE,"1",Bank Charge UAE,SAHARH,Vend HQ,,Cash Rounding UAE,AE,TABBY,"3201"
2656,Nakhla IT Systems (LLC) Tamara,69011,"54034",AlQurashi-UAE,Vend UAE,Vend Invoice UAE,"1",Bank Charge UAE,SAHARH,Vend HQ,,Cash Rounding UAE,AE,TAMARA,"3201"
1657,Tabby Saudi For communication and IT,50011,"54021",AlQurashi-UAE,Vend UAE,Vend Invoice UAE,"1",Bank Charge UAE,ALAIN,Vend HQ,,Cash Rounding UAE,AE,TABBY,"3301"
2657,Nakhla IT Systems (LLC) Tamara,69011,"54035",AlQurashi-UAE,Vend UAE,Vend Invoice UAE,"1",Bank Charge UAE,ALAIN,Vend HQ,,Cash Rounding UAE,AE,TAMARA,"3301"
1658,Tabby Saudi For communication and IT,50011,"54022",AlQurashi-UAE,Vend UAE,Vend Invoice UAE,"1",Bank Charge UAE,FUJAIRAH,Vend HQ,,Cash Rounding UAE,AE,TABBY,"3402"
2658,Nakhla IT Systems (LLC) Tamara,69011,"54036",AlQurashi-UAE,Vend UAE,Vend Invoice UAE,"1",Bank Charge UAE,FUJAIRAH,Vend HQ,,Cash Rounding UAE,AE,TAMARA,"3402"
1659,Tabby Saudi For communication and IT,50011,"54023",AlQurashi-UAE,Vend UAE,Vend Invoice UAE,"1",Bank Charge UAE,MANARRAK,Vend HQ,,Cash Rounding UAE,AE,TABBY,"3501"
2659,Nakhla IT Systems (LLC) Tamara,69011,"54037",AlQurashi-UAE,Vend UAE,Vend Invoice UAE,"1",Bank Charge UAE,MANARRAK,Vend HQ,,Cash Rounding UAE,AE,TAMARA,"3501"
1660,Tabby Saudi For communication and IT,50011,"54017",AlQurashi-UAE,Vend UAE,Vend Invoice UAE,"1",Bank Charge UAE,WEHDA,Vend HQ,,Cash Rounding UAE,AE,TABBY,"3001"
2660,Nakhla IT Systems (LLC) Tamara,69011,"54030",AlQurashi-UAE,Vend UAE,Vend Invoice UAE,"1",Bank Charge UAE,WEHDA,Vend HQ,,Cash Rounding UAE,AE,TAMARA,"3001"
1661,Tabby Saudi For communication and IT,50011,"54018",AlQurashi-UAE,Vend UAE,Vend Invoice UAE,"1",Bank Charge UAE,DEERFIELDS,Vend HQ,,Cash Rounding UAE,AE,TABBY,"3002"
2661,Nakhla IT Systems (LLC) Tamara,69011,"54031",AlQurashi-UAE,Vend UAE,Vend Invoice UAE,"1",Bank Charge UAE,DEERFIELDS,Vend HQ,,Cash Rounding UAE,AE,TAMARA,"3002"
1672,Tabby Saudi For communication and IT,50011,"54013",AlQurashi-UAE,Vend UAE,Vend Invoice UAE,"1",Bank Charge UAE,YASKIOSK,Vend HQ,,Cash Rounding UAE,AE,TABBY,"3003"
2672,Nakhla IT Systems (LLC) Tamara,69011,"54026",AlQurashi-UAE,Vend UAE,Vend Invoice UAE,"1",Bank Charge UAE,YASKIOSK,Vend HQ,,Cash Rounding UAE,AE,TAMARA,"3003"
1565,EXBBAH,83014,"68004",AlQurashi-Bahrain,Vend Bahrain,Vend Invoice Bahrain,"1",Bank Charge Bahrain,EXBBAH,Vend HQ,,Cash Rounding Bahrain,BH,NORMAL,"8002"
1366831,KHURAISSQ,83012,"68003",AlQurashi-KSA,Vend,Vend Invoice,"1",Bank Charge,KHURAISSQ,Vend HQ,,Cash Rounding,SA,NORMAL,"0120"
2366831,Hungerstation,45014,"68006",AlQurashi-KSA,Vend,Vend Invoice,"1",Bank Charge,KHURAISSQ,Vend HQ,,Cash Rounding,SA,HUNGERSTATION,"0120"
1566831,Tabby Saudi For communication and IT,50011,"68009",AlQurashi-KSA,Vend,Vend Invoice,"1",Bank Charge,KHURAISSQ,Vend HQ,,Cash Rounding,SA,TABBY,"0120"
1666831,Nakhla IT Systems (LLC) Tamara,69011,"68012",AlQurashi-KSA,Vend,Vend Invoice,"1",Bank Charge,KHURAISSQ,Vend HQ,,Cash Rounding,SA,TAMARA,"0120"
1760131,Mrsool,45015,"68015",AlQurashi-KSA,Vend,Vend Invoice,"1",Bank Charge,KHURAISSQ,Vend HQ,,Cash Rounding,SA,MRSOOL,"0120"
